Mutation,Rg_Full,Delta_Rg_Full,Rg_DBD,Delta_Rg_DBD,New_Strain_Sites_Count,Mutation_Site_Strained
C135Y,39.488,0.142,16.304,-0.03,4,0
C176F,35.892,-3.454,16.267,-0.067,7,0
G245S,36.72,-2.626,16.288,-0.046,12,0
H179R,36.953,-2.393,16.306,-0.028,4,0
H193R,39.286,-0.06,16.324,-0.01,5,0
M237I,37.954,-1.392,16.303,-0.031,1,0
P278S,36.661,-2.685,16.281,-0.053,6,0
R158H,35.688,-3.658,16.297,-0.037,6,0
R158L,36.237,-3.109,16.278,-0.056,7,0
R175H,36.752,-2.594,16.3,-0.034,9,0
R213Q,39.194,-0.152,16.292,-0.042,9,0
R248Q,39.593,0.247,16.308,-0.025,9,0
R248W,35.621,-3.725,16.293,-0.041,8,0
R249S,39.805,0.459,16.326,-0.008,8,0
R273C,36.38,-2.966,16.28,-0.054,9,0
R273H,39.0,-0.346,16.29,-0.043,9,0
R273L,35.37,-3.976,16.258,-0.076,7,0
R282W,35.625,-3.721,16.302,-0.031,5,0
V157F,35.476,-3.87,16.279,-0.055,8,0
Y220C,36.309,-3.037,16.268,-0.066,10,0
R175G,38.198,-1.148,16.305,-0.028,7,0
R175C,38.695,-0.65,16.298,-0.036,6,0
G245D,36.909,-2.437,16.309,-0.025,7,0
R282Q,36.428,-2.918,16.313,-0.02,11,0
R248L,37.893,-1.453,16.268,-0.065,7,0
Y220S,36.309,-3.036,16.293,-0.041,12,0
R249G,36.952,-2.394,16.268,-0.065,10,0
P72R,34.518,-4.828,16.298,-0.036,6,0
P47S,38.469,-0.877,16.303,-0.031,18,0
A189V,39.538,0.192,16.364,0.031,1,0
R337H,37.77,-1.576,16.303,-0.031,8,0
K132R,41.216,1.87,16.293,-0.04,13,0
L344R,37.122,-2.224,16.321,-0.013,5,0
R342P,34.446,-4.9,16.28,-0.054,7,0
L22F,35.333,-4.013,16.269,-0.065,11,0
W23R,36.153,-3.193,16.284,-0.05,6,0
N345S,36.605,-2.741,16.29,-0.044,10,0
K382R,35.688,-3.658,16.319,-0.015,9,0
R280K,37.041,-2.305,16.285,-0.049,10,0
V272M,38.643,-0.703,16.298,-0.036,8,0
D281G,36.639,-2.707,16.298,-0.036,4,0
S241F,36.551,-2.795,16.255,-0.079,5,0
V143A,35.267,-4.079,16.292,-0.042,10,0
A138V,39.187,-0.159,16.304,-0.03,6,0
I195T,39.836,0.49,16.327,-0.007,7,0
E285K,38.219,-1.127,16.287,-0.047,16,0
N239D,39.364,0.018,16.305,-0.029,6,0
T125M,36.802,-2.544,16.31,-0.024,9,0
L194R,35.695,-3.651,16.276,-0.058,8,0
N247D,37.01,-2.336,16.287,-0.047,5,0
