Mutation,WT_Total_SASA,Mut_Total_SASA,Total_SASA_Change,Total_SASA_Change_Pct,Mean_Residue_Change,Std_Residue_Change,Max_SASA_Gain,Max_SASA_Gain_Res,Max_SASA_Loss,Max_SASA_Loss_Res,Hydrophobic_Exposure,DBD_SASA_Change,Residues_Large_Change
R175H,35910.1,36258.6,348.5,0.97,0.8868,8.8875,52.69,382,-30.17,383,476.12,228.0,16
L22F,35910.1,36204.3,294.2,0.819,0.7486,8.6442,52.49,22,-38.2,324,489.75,18.7,16
I195T,35910.1,36162.3,252.2,0.702,0.6418,8.1891,34.83,333,-37.74,381,445.64,99.1,14
K382R,35910.1,36100.3,190.2,0.53,0.484,8.7698,69.48,382,-45.97,327,348.45,129.7,15
H179R,35910.1,36091.1,181.0,0.504,0.4606,8.5571,47.11,384,-32.65,66,457.48,-2.5,14
R213Q,35910.1,36085.2,175.0,0.487,0.4454,7.8529,42.69,333,-32.86,383,436.22,2.0,10
W23R,35910.1,36076.4,166.3,0.463,0.4231,8.6554,40.55,386,-23.55,387,474.07,-30.4,19
R282Q,35910.1,36072.1,162.0,0.451,0.4122,8.1593,35.65,333,-32.0,327,384.55,-13.4,16
P72R,35910.1,36052.5,142.4,0.396,0.3622,9.5923,103.3,72,-30.16,29,482.94,-22.5,18
R282W,35910.1,36022.1,111.9,0.312,0.2848,8.2582,40.48,333,-25.12,51,409.43,2.2,11
L344R,35910.1,36009.4,99.3,0.277,0.2527,9.0165,69.89,344,-28.88,51,429.17,-4.4,18
H193R,35910.1,35979.9,69.8,0.194,0.1777,8.8596,48.27,384,-34.06,323,333.77,114.5,20
A138V,35910.1,35969.4,59.3,0.165,0.1508,8.1069,33.7,333,-40.24,91,330.51,-59.8,14
V143A,35910.1,35949.7,39.6,0.11,0.1008,8.5213,59.13,384,-27.88,8,336.26,-1.8,16
R175G,35910.1,35931.7,21.6,0.06,0.0549,9.3365,47.63,384,-31.08,387,306.88,175.0,26
R337H,35910.1,35931.2,21.0,0.059,0.0536,9.2088,40.08,333,-57.23,337,422.29,-19.9,19
D281G,35910.1,35916.0,5.9,0.016,0.015,7.999,35.86,280,-33.18,327,361.82,72.6,18
P47S,35910.1,35898.5,-11.6,-0.032,-0.0296,7.555,45.15,333,-32.0,385,316.24,50.7,11
C135Y,35910.1,35860.6,-49.5,-0.138,-0.126,8.1519,34.68,384,-40.77,324,359.99,108.2,13
N239D,35910.1,35839.5,-70.6,-0.197,-0.1796,7.8268,31.44,333,-30.56,49,340.61,-7.3,11
M237I,35910.1,35815.9,-94.2,-0.262,-0.2397,8.2014,40.16,382,-66.73,327,316.44,5.2,11
G245D,35910.1,35796.6,-113.5,-0.316,-0.2887,7.7859,30.39,287,-42.66,327,348.65,36.2,10
N345S,35910.1,35796.0,-114.1,-0.318,-0.2904,7.5068,45.81,382,-38.08,383,355.76,-52.3,10
K132R,35910.1,35794.5,-115.6,-0.322,-0.2942,8.8043,37.96,333,-35.41,373,410.06,-113.3,18
V272M,35910.1,35756.5,-153.6,-0.428,-0.3908,8.9734,41.6,333,-45.35,385,285.86,-15.6,19
R248L,35910.1,35752.5,-157.6,-0.439,-0.4011,7.9364,26.12,198,-66.71,248,311.29,-69.3,11
V157F,35910.1,35751.8,-158.3,-0.441,-0.4027,8.4477,41.58,333,-32.56,91,265.63,-49.5,17
A189V,35910.1,35740.3,-169.8,-0.473,-0.432,9.5308,44.95,188,-41.87,324,421.21,177.0,23
Y220S,35910.1,35697.0,-213.1,-0.594,-0.5423,9.0054,40.28,333,-37.93,49,396.31,100.6,19
R249S,35910.1,35692.5,-217.6,-0.606,-0.5537,8.6338,28.08,388,-53.73,381,345.36,137.9,18
S241F,35910.1,35682.1,-228.1,-0.635,-0.5803,8.476,48.9,241,-41.8,385,303.87,-16.2,13
R158L,35910.1,35678.2,-231.9,-0.646,-0.5901,7.5828,34.63,333,-44.2,91,267.31,-85.0,10
R280K,35910.1,35665.9,-244.2,-0.68,-0.6214,9.4024,45.27,333,-43.03,49,325.61,-21.2,24
R342P,35910.1,35649.7,-260.4,-0.725,-0.6627,9.4874,36.9,384,-45.1,324,345.33,-15.1,23
R158H,35910.1,35645.1,-265.0,-0.738,-0.6743,7.9115,30.33,384,-37.92,385,312.89,0.1,14
N247D,35910.1,35632.4,-277.7,-0.773,-0.7066,8.5549,40.51,333,-47.61,324,321.57,-44.2,15
R249G,35910.1,35610.8,-299.3,-0.834,-0.7617,8.8847,35.9,333,-46.69,22,269.65,26.6,20
E285K,35910.1,35606.1,-304.0,-0.846,-0.7735,8.6734,47.76,285,-37.8,386,299.92,99.6,15
G245S,35910.1,35588.1,-322.0,-0.897,-0.8194,9.4416,46.36,384,-52.44,327,291.56,-6.1,21
L194R,35910.1,35575.9,-334.2,-0.931,-0.8503,8.9621,34.17,382,-41.04,22,362.8,-40.7,25
C176F,35910.1,35568.7,-341.4,-0.951,-0.8688,8.8988,59.99,176,-36.09,22,303.52,-59.4,17
R248Q,35910.1,35555.5,-354.6,-0.987,-0.9022,7.424,22.91,198,-46.2,248,268.0,-71.0,11
T125M,35910.1,35543.5,-366.6,-1.021,-0.9329,9.1842,35.01,388,-40.95,322,309.4,57.9,17
R273C,35910.1,35534.4,-375.7,-1.046,-0.9561,9.4348,48.11,384,-64.3,273,283.25,-37.5,21
Y220C,35910.1,35501.6,-408.5,-1.138,-1.0395,8.8601,27.39,283,-50.37,324,369.87,26.4,22
R175C,35910.1,35498.5,-411.6,-1.146,-1.0475,8.6905,35.34,184,-49.97,91,255.57,-2.3,17
R273H,35910.1,35417.2,-492.9,-1.373,-1.2541,8.4039,36.87,384,-40.27,381,317.14,-73.5,13
R248W,35910.1,35332.7,-577.4,-1.608,-1.4693,9.4988,37.31,379,-44.77,308,245.47,-80.5,21
R273L,35910.1,35271.3,-638.8,-1.779,-1.6256,10.4272,36.92,379,-63.44,22,233.97,-111.9,27
P278S,35910.1,35091.7,-818.4,-2.279,-2.0825,10.5334,35.08,382,-59.15,22,305.16,16.6,29
