Mutation,WT_AA,Position,Mut_AA,Classification,Criterion,RMSD,Mean_Displacement,Max_Displacement,Residues_Above_5A,Residues_Above_10A,TM_Score,DBD_TM,Contacts_Lost,Preservation_Rate,DBD_Contact_Loss_Pct,Total_SS_Changes,SS_Change_Pct,Helix_to_Coil,DBD_Changes,Local_Global_Ratio,Total_SASA_Change,Hydrophobic_Exposure,DBCA_Score,Zinc_Score,DNA_Contact_Score,Loop_Score,ARES,DDE_Contact,Rewiring_Energy,PC1,PC2,BLOSUM62,Charge_Change,Hydro_Change,Volume_Change,MW_Change,In_DBD,In_Zinc,In_DNA_Contact,In_Loop,True_Label,SVE_Score,SVE_Rank,RMSD_Rank,SVE_Class
R282Q,R,282,Q,Likely Oncogenic,A,31.5187,27.1045,72.7919,393,372,0.122876,0.14593,6,98.92,1.16,47,11.96,2,6,0.9237,162.0,384.55,31.1,0.34,0.02,0.75,56.66,1.74,56.55,174.3929,39.6706,1,1.0,1.0,29.599999999999994,28.060000000000002,1,0,0,0,Other,100.0,1,25,High Pathogenicity
E285K,E,285,K,Likely Oncogenic,F,32.9137,26.4971,106.235,393,368,0.149314,0.21721,5,99.1,0.96,38,9.67,6,9,0.992,-304.0,299.92,31.84,0.88,0.07,1.14,45.22,1.54,27.32,-161.2168,-200.8323,1,2.0,0.3999999999999999,30.19999999999999,0.950000000000017,1,0,0,0,Other,99.07,2,13,High Pathogenicity
D281G,D,281,G,Gain-of-Function,D,32.7702,27.5468,79.163,392,385,0.118066,0.14848,5,99.1,0.96,37,9.41,1,7,0.8411,5.9,361.82,30.58,0.1,0.02,0.55,45.03,-3.17,31.49,201.3006,25.4121,-1,1.0,3.1,50.99999999999999,58.040000000000006,1,0,1,0,Other,75.9,3,15,High Pathogenicity
G245D,G,245,D,Likely Oncogenic,A,32.198,28.4099,72.6702,392,370,0.112904,0.116978,9,98.38,1.73,33,8.4,0,2,0.5148,-113.5,348.65,31.53,0.59,0.07,0.93,54.27,2.55,41.95,121.0341,78.7186,-1,1.0,3.1,50.99999999999999,58.040000000000006,1,0,0,1,Other,73.18,4,20,High Pathogenicity
N239D,N,239,D,Likely Oncogenic,F,22.0229,17.6584,65.9711,352,268,0.286186,0.40138,12,97.83,2.12,38,9.67,4,9,0.4539,-70.6,340.61,37.0,3.79,0.26,2.97,48.7,1.03,42.74,-178.0903,75.7738,1,1.0,0.0,3.0,0.9900000000000091,1,0,0,1,Other,70.95,5,42,High Pathogenicity
V143A,V,143,A,Temperature-Sensitive,E,35.4997,28.8053,119.164,393,377,0.130283,0.195343,5,99.1,0.77,46,11.7,4,16,0.561,39.6,336.26,30.58,0.09,0.02,0.55,42.32,10.73,24.67,227.122,-91.3058,0,0.0,2.4000000000000004,51.400000000000006,28.049999999999997,1,0,0,0,Other,69.92,6,6,Moderate Pathogenicity
N247D,N,247,D,Likely Oncogenic,F,30.7411,22.3831,123.4064,369,302,0.237384,0.347118,9,98.38,1.73,43,10.94,1,10,0.3086,-277.7,321.57,37.88,5.45,0.16,2.3,38.46,0.61,25.17,-275.6046,-147.4996,1,1.0,0.0,3.0,0.9900000000000091,1,0,0,1,Other,66.9,7,27,Moderate Pathogenicity
R175G,R,175,G,Likely Oncogenic,A,32.1425,24.5765,99.737,383,339,0.178328,0.264122,8,98.56,1.54,37,9.41,1,9,0.543,21.6,306.88,35.8,4.32,0.09,1.4,45.26,-0.74,26.28,-252.4302,-140.1991,-2,1.0,4.1,113.30000000000001,99.14,1,0,0,1,Other,66.04,8,21,Moderate Pathogenicity
Y220S,Y,220,S,Likely Oncogenic,A,32.0651,25.752,79.2522,382,331,0.178742,0.253256,6,98.92,0.96,33,8.4,4,9,0.4604,-213.1,396.31,31.66,0.51,0.04,1.18,38.4,5.35,26.57,197.0156,3.2147,-2,0.0,0.5,104.6,76.10000000000001,1,0,0,0,Other,61.39,9,22,Moderate Pathogenicity
R158L,R,158,L,Likely Oncogenic,Phase1,32.2115,28.1418,74.4303,392,380,0.111147,0.122879,6,98.92,0.96,39,9.92,0,11,0.8212,-231.9,267.31,31.13,0.48,0.05,0.84,29.15,-26.45,22.22,178.979,62.7853,-2,1.0,8.3,6.700000000000017,43.03,1,0,0,0,Pathogenic,58.42,19,19,Moderate Pathogenicity
G245S,G,245,S,Likely Oncogenic,Phase1,33.4872,27.6156,76.5241,393,380,0.136129,0.205182,9,98.38,1.54,42,10.69,0,3,0.4865,-322.0,291.56,31.19,0.37,0.05,1.13,40.15,1.73,33.45,203.0608,-25.3075,0,0.0,0.4,28.9,30.03,1,0,0,1,Pathogenic,58.42,19,9,Moderate Pathogenicity
H179R,H,179,R,Likely Oncogenic,Phase1,31.2106,24.7379,85.8348,391,377,0.148141,0.167334,9,98.38,1.54,54,13.74,5,18,0.6691,181.0,457.48,30.88,0.09,0.13,0.7,52.28,5.11,43.83,222.9935,89.8136,0,0.9,1.2999999999999998,20.200000000000017,19.05000000000001,1,1,0,1,Pathogenic,58.42,19,26,Moderate Pathogenicity
H193R,H,193,R,Likely Oncogenic,Phase1,22.7217,17.5329,67.7954,350,253,0.298569,0.449283,12,97.83,2.31,48,12.21,1,12,0.5673,69.8,333.77,44.63,8.13,1.4,5.11,48.27,5.2,34.92,-216.3037,42.1832,0,0.9,1.2999999999999998,20.200000000000017,19.05000000000001,1,0,0,1,Pathogenic,58.42,19,37,Moderate Pathogenicity
M237I,M,237,I,Likely Oncogenic,Phase1,19.7161,16.012,48.3112,346,244,0.316272,0.444553,4,99.28,0.77,34,8.65,4,11,0.4652,-94.2,316.44,36.29,3.25,0.26,2.82,30.36,-3.76,16.51,-198.3001,91.3911,1,0.0,2.6,3.799999999999983,18.039999999999992,1,0,0,1,Pathogenic,58.42,19,46,Moderate Pathogenicity
P278S,P,278,S,Likely Oncogenic,Phase1,36.5299,30.8965,88.0917,393,388,0.101773,0.126616,3,99.46,0.58,45,11.45,4,9,0.7808,-818.4,305.16,30.83,0.2,0.02,0.7,31.84,1.24,17.8,206.5462,-11.8705,-1,0.0,0.8,23.700000000000003,10.040000000000006,1,0,0,0,Pathogenic,58.42,19,3,Moderate Pathogenicity
R158H,R,158,H,Likely Oncogenic,Phase1,33.4055,28.3399,81.3777,391,386,0.110432,0.139947,7,98.74,1.16,42,10.69,4,18,0.5886,-265.0,312.89,30.51,0.06,0.02,0.46,37.94,-3.95,26.76,210.404,19.5997,0,0.9,1.2999999999999998,20.200000000000017,19.05000000000001,1,0,0,0,Pathogenic,58.42,19,10,Moderate Pathogenicity
C135Y,C,135,Y,Likely Oncogenic,Phase1,20.5619,14.3483,77.9822,310,179,0.404956,0.594416,8,98.56,1.35,38,9.67,4,9,0.5347,-49.5,359.99,47.03,8.79,1.98,6.51,42.97,4.84,28.57,-271.0566,68.8793,-2,0.0,3.8,85.1,60.040000000000006,1,0,0,0,Pathogenic,58.42,19,45,Moderate Pathogenicity
C176F,C,176,F,Likely Oncogenic,Phase1,27.554,19.5243,114.2793,352,187,0.327922,0.510253,3,99.46,0.58,45,11.45,0,6,0.3739,-341.4,303.52,35.79,1.26,0.97,3.72,22.37,-9.51,13.49,-58.2228,-20.9544,-2,0.0,0.2999999999999998,81.4,44.040000000000006,1,1,0,1,Pathogenic,58.42,19,33,Moderate Pathogenicity
R282W,R,282,W,Likely Oncogenic,Phase1,28.8514,24.7036,106.1541,388,358,0.14925,0.177085,8,98.56,1.54,48,12.21,0,9,0.3659,111.9,409.43,34.29,0.89,1.49,1.95,37.31,-11.36,27.25,67.6238,24.7172,-3,1.0,3.6,54.400000000000006,30.02000000000001,1,0,0,0,Pathogenic,58.42,19,31,Moderate Pathogenicity
R273L,R,273,L,Likely Oncogenic,Phase1,30.1157,24.4672,98.8411,377,324,0.190395,0.288742,4,99.28,0.58,45,11.45,0,13,0.5973,-638.8,233.97,36.36,4.68,0.08,1.77,28.18,-25.44,14.65,81.8582,-56.5485,-2,1.0,8.3,6.700000000000017,43.03,1,0,1,0,Pathogenic,58.42,19,28,Moderate Pathogenicity
R273H,R,273,H,Likely Oncogenic,Phase1,20.9865,17.4253,52.9083,357,285,0.272317,0.431389,4,99.28,0.77,27,6.87,0,6,0.3338,-492.9,317.14,37.58,1.3,3.05,3.32,34.68,-5.98,13.29,-149.2238,63.2202,0,0.9,1.2999999999999998,20.200000000000017,19.05000000000001,1,0,1,0,Pathogenic,58.42,19,44,Moderate Pathogenicity
R273C,R,273,C,Likely Oncogenic,Phase1,29.3747,23.7743,111.6015,380,330,0.186285,0.28688,3,99.46,0.39,43,10.94,0,12,0.5819,-375.7,283.25,34.88,3.25,0.07,1.66,32.12,-14.72,11.64,50.244,-65.464,-3,1.0,7.0,64.9,53.05,1,0,1,0,Pathogenic,58.42,19,30,Moderate Pathogenicity
R249S,R,249,S,Likely Oncogenic,Phase1,34.2997,26.2434,114.0848,386,331,0.171967,0.267452,12,97.83,2.31,41,10.43,5,11,0.5579,-217.6,345.36,31.34,0.81,0.01,0.59,48.56,0.22,37.94,-195.8067,-191.0335,-1,1.0,3.7,84.4,69.11,1,0,0,1,Pathogenic,58.42,19,8,Moderate Pathogenicity
R248W,R,248,W,Likely Oncogenic,Phase1,32.6174,25.6773,98.4201,377,292,0.217295,0.363863,4,99.28,0.77,41,10.43,4,10,0.3736,-577.4,245.47,33.27,1.09,0.12,2.12,35.58,-7.55,18.18,141.4263,-66.3047,-3,1.0,3.6,54.400000000000006,30.02000000000001,1,0,1,1,Pathogenic,58.42,19,16,Moderate Pathogenicity
R248Q,R,248,Q,Likely Oncogenic,Phase1,22.192,18.6064,56.1675,371,277,0.250781,0.362626,10,98.19,1.73,45,11.45,2,6,0.4284,-354.6,268.0,36.36,2.74,0.36,3.29,46.53,-0.2,36.15,-126.9055,53.7076,1,1.0,1.0,29.599999999999994,28.060000000000002,1,0,1,1,Pathogenic,58.42,19,39,Moderate Pathogenicity
R213Q,R,213,Q,Likely Oncogenic,Phase1,8.2168,6.3231,29.1086,180,64,0.644262,0.770854,4,99.28,0.77,49,12.47,1,11,0.8324,175.0,436.22,64.99,10.74,12.8,11.52,50.03,1.6,44.16,-184.6081,269.0069,1,1.0,1.0,29.599999999999994,28.060000000000002,1,0,0,0,Pathogenic,58.42,19,50,Moderate Pathogenicity
R175H,R,175,H,Likely Oncogenic,Phase1,31.8538,26.6426,81.1783,389,382,0.12194,0.136948,8,98.56,1.54,40,10.18,1,10,0.6101,348.5,476.12,30.49,0.09,0.04,0.56,49.23,-6.08,51.41,199.5505,63.9835,0,0.9,1.2999999999999998,20.200000000000017,19.05000000000001,1,0,0,1,Pathogenic,58.42,19,23,Moderate Pathogenicity
V157F,V,157,F,Likely Oncogenic,Phase1,32.2828,28.7963,67.5769,393,392,0.09678,0.113808,2,99.64,0.39,49,12.47,4,22,0.8548,-158.3,265.63,31.1,0.24,0.12,0.79,29.59,-6.81,21.61,157.8513,23.2622,-1,0.0,1.4000000000000004,49.900000000000006,48.05000000000001,1,0,0,0,Pathogenic,58.42,19,18,Moderate Pathogenicity
Y220C,Y,220,C,Likely Oncogenic,Phase1,22.1159,16.7283,80.2296,351,226,0.323356,0.495827,2,99.64,0.39,36,9.16,4,14,0.6814,-408.5,369.87,47.53,5.36,5.63,6.72,33.88,0.0,17.57,-75.3353,66.4235,-2,0.0,3.8,85.1,60.040000000000006,1,0,0,0,Pathogenic,58.42,19,40,Moderate Pathogenicity
L194R,L,194,R,Likely Oncogenic,F,32.8773,28.0744,74.2709,392,379,0.121541,0.147928,6,98.92,0.96,46,11.7,4,22,0.4987,-334.2,362.8,31.11,0.41,0.03,0.79,61.86,20.51,26.95,172.3317,18.9921,-2,1.0,8.3,6.700000000000017,43.03,1,0,0,1,Other,58.18,30,14,Moderate Pathogenicity
V272M,V,272,M,Gain-of-Function,D,28.2678,23.6789,86.01,376,337,0.176203,0.263833,7,98.74,1.35,55,13.99,4,16,0.7612,-153.6,285.86,38.1,5.72,0.2,2.47,32.69,-0.51,19.31,-154.973,-14.4679,1,0.0,2.3000000000000003,22.900000000000006,32.06999999999999,1,0,0,0,Other,57.4,31,32,Moderate Pathogenicity
R249G,R,249,G,Likely Oncogenic,A,35.1811,29.3163,93.9354,382,348,0.138698,0.219786,6,98.92,1.16,49,12.47,4,14,0.3544,-299.3,269.65,34.74,3.99,0.04,1.01,42.4,-0.94,26.32,-90.3529,-259.7646,-2,1.0,4.1,113.30000000000001,99.14,1,0,0,1,Other,55.75,32,7,Moderate Pathogenicity
W23R,W,23,R,Likely Oncogenic,C,36.4377,30.3933,91.897,392,366,0.122279,0.165932,4,99.28,0.58,55,13.99,1,8,2.5898,166.3,474.07,30.32,0.05,0.0,0.32,43.4,5.66,34.81,194.2185,-150.4067,-3,1.0,3.6,54.400000000000006,30.02000000000001,0,0,0,0,Other,52.74,33,4,Moderate Pathogenicity
R280K,R,280,K,Gain-of-Function,D,24.7245,18.9739,74.1967,351,268,0.283393,0.447389,5,99.1,0.96,43,10.94,4,16,0.5083,-244.2,325.61,40.12,3.68,2.38,4.11,33.33,3.75,17.55,-193.7382,13.3062,2,0.0,0.6000000000000001,4.800000000000011,28.02000000000001,1,0,1,0,Other,51.56,34,36,Moderate Pathogenicity
L344R,L,344,R,Likely Oncogenic,C,22.5967,18.015,54.6317,349,243,0.301203,0.48365,12,97.83,2.12,61,15.52,4,17,2.4827,99.3,429.17,36.89,2.86,0.53,3.51,58.59,13.01,43.88,-136.925,19.8845,-2,1.0,8.3,6.700000000000017,43.03,0,0,0,0,Other,45.34,35,38,Moderate Pathogenicity
R342P,R,342,P,Likely Oncogenic,C,36.0602,30.7337,74.4166,393,365,0.119404,0.186312,8,98.56,1.54,45,11.45,4,10,1.437,-260.4,345.33,30.34,0.03,0.03,0.47,44.4,1.86,40.68,204.8227,-99.5202,-2,1.0,2.9,60.7,59.06999999999999,0,0,0,0,Other,42.93,36,5,Low Pathogenicity
R248L,R,248,L,Likely Oncogenic,A,21.5996,18.2463,78.5527,375,319,0.231923,0.335275,6,98.92,0.96,55,13.99,4,17,0.2691,-157.6,311.29,37.15,1.73,2.23,3.27,57.4,-11.15,18.93,-95.0849,59.7611,-2,1.0,8.3,6.700000000000017,43.03,1,0,1,1,Other,42.6,37,43,Low Pathogenicity
I195T,I,195,T,Temperature-Sensitive,E,32.5522,26.6831,88.3443,383,346,0.156037,0.233228,15,97.29,2.7,46,11.7,2,11,0.3264,252.2,445.64,34.78,3.96,0.05,0.93,76.52,19.53,60.36,-158.9741,-163.6576,-1,0.0,5.2,50.599999999999994,12.060000000000002,1,0,0,1,Other,42.27,38,17,Low Pathogenicity
K382R,K,382,R,Likely Oncogenic,C,31.7023,26.9337,74.396,389,377,0.124137,0.134004,7,98.74,1.16,36,9.16,0,6,0.9305,190.2,348.45,31.13,0.29,0.05,0.82,33.27,0.0,41.51,200.0934,54.7435,2,0.0,0.6000000000000001,4.800000000000011,28.02000000000001,0,0,0,0,Other,40.47,39,24,Low Pathogenicity
L22F,L,22,F,Likely Oncogenic,C,29.3793,26.1149,65.4145,393,388,0.113236,0.129428,6,98.92,0.96,58,14.76,5,13,2.2223,294.2,489.75,31.23,0.29,0.11,0.91,43.94,0.26,50.45,128.9026,47.9836,0,0.0,1.0,23.200000000000017,34.02000000000001,0,0,0,0,Other,40.11,40,29,Low Pathogenicity
A138V,A,138,V,Temperature-Sensitive,E,14.2027,11.7,33.7593,332,149,0.40983,0.596057,6,98.92,0.96,41,10.43,0,15,0.5573,59.3,330.51,43.03,4.69,2.22,6.16,29.48,-5.02,17.47,-177.0968,191.2564,0,0.0,2.4000000000000004,51.400000000000006,28.049999999999997,1,0,0,0,Other,39.02,41,49,Low Pathogenicity
T125M,T,125,M,Likely Oncogenic,F,26.5572,19.0224,98.683,358,180,0.331304,0.501926,8,98.56,1.54,49,12.47,4,17,0.4715,-366.6,309.4,39.57,2.57,2.23,4.97,22.83,-19.45,22.25,-56.3594,33.1686,-1,0.0,2.5999999999999996,46.80000000000001,30.099999999999994,1,0,0,0,Other,36.99,42,34,Low Pathogenicity
R175C,R,175,C,Likely Oncogenic,A,25.8032,21.0416,71.5208,363,306,0.233437,0.359592,9,98.38,1.54,47,11.96,4,17,0.3897,-411.6,255.57,39.7,6.95,0.23,2.54,37.94,-15.15,21.43,-164.0263,-0.8847,-3,1.0,7.0,64.9,53.05,1,0,0,1,Other,34.33,43,35,Low Pathogenicity
R337H,R,337,H,Low-Penetrance,B,32.9437,28.0587,79.3614,393,379,0.108241,0.108039,5,99.1,0.77,57,14.5,5,15,1.0282,21.0,422.29,30.48,0.07,0.08,0.53,38.53,-3.2,36.11,222.4908,78.6933,0,0.9,1.2999999999999998,20.200000000000017,19.05000000000001,0,0,0,0,Benign,20.71,46,12,Likely Benign
P47S,P,47,S,Benign,B,22.0739,15.6816,55.8668,282,153,0.439306,0.674041,6,98.92,1.16,48,12.21,6,17,1.8817,-11.6,316.24,51.21,8.93,3.51,8.79,36.67,0.24,38.86,-123.5672,118.8387,-1,0.0,0.8,23.700000000000003,10.040000000000006,0,0,0,0,Benign,20.71,46,41,Likely Benign
A189V,A,189,V,VUS,B,18.9269,14.4449,54.9211,332,165,0.383049,0.549479,7,98.74,1.35,44,11.2,4,15,0.4578,-169.8,421.21,43.62,6.05,2.0,5.58,34.32,-5.49,28.37,-147.062,125.944,0,0.0,2.4000000000000004,51.400000000000006,28.049999999999997,1,0,0,1,Benign,20.71,46,47,Likely Benign
P72R,P,72,R,Benign,B,37.0815,30.255,103.8021,393,367,0.132383,0.215874,9,98.38,1.54,66,16.79,4,18,1.6363,142.4,482.94,30.46,0.02,0.07,0.43,37.76,0.0,41.28,204.7794,-104.19,-2,1.0,2.9,60.7,59.06999999999999,0,0,0,0,Benign,20.71,46,2,Likely Benign
K132R,K,132,R,VUS,B,17.7668,12.6535,46.7445,214,145,0.483595,0.734413,4,99.28,0.58,57,14.5,6,10,0.339,-115.6,410.06,49.36,6.64,4.7,8.08,38.54,-5.01,40.73,-186.8956,164.7839,2,0.0,0.6000000000000001,4.800000000000011,28.02000000000001,1,0,0,0,Benign,20.71,46,48,Likely Benign
S241F,S,241,F,Gain-of-Function,D,37.8149,31.369,118.9661,389,362,0.116168,0.180383,4,99.28,0.58,63,16.03,0,12,0.3857,-228.1,303.87,32.79,2.18,0.04,0.73,33.0,-13.36,29.86,-119.3378,-318.4944,-2,0.0,3.5999999999999996,100.9,60.10000000000001,1,0,1,1,Other,18.48,49,1,Likely Benign
N345S,N,345,S,Likely Oncogenic,C,33.1697,29.7199,70.2155,393,377,0.096783,0.097263,7,98.74,1.16,48,12.21,5,15,1.0964,-114.1,355.76,30.76,0.16,0.07,0.61,33.48,-0.4,26.34,178.4555,39.587,1,0.0,2.7,25.099999999999994,27.019999999999996,0,0,0,0,Other,0.0,50,11,Likely Benign
