Mutation,TM_Score,TM_Classification,RMSD,d0,DBD_TM,High_TM_Fraction,Mean_Distance,Max_Distance,Residues_Aligned,TM_Rank,RMSD_Rank,TM_RMSD_Rank_Diff
V157F,0.09678,Different Fold,32.2828,7.166,0.113808,0.0,28.7963,67.5769,393,1,18,17
N345S,0.096783,Different Fold,33.1697,7.166,0.097263,0.0127,29.7199,70.2155,393,2,11,9
P278S,0.101773,Different Fold,36.5299,7.166,0.126616,0.0,30.8965,88.0917,393,3,3,0
R337H,0.108241,Different Fold,32.9437,7.166,0.108039,0.0076,28.0587,79.3614,393,4,12,8
R158H,0.110432,Different Fold,33.4055,7.166,0.139947,0.0051,28.3399,81.3777,393,5,10,5
R158L,0.111147,Different Fold,32.2115,7.166,0.122879,0.0076,28.1418,74.4303,393,6,19,13
G245D,0.112904,Different Fold,32.198,7.166,0.116978,0.0076,28.4098,72.6702,393,7,20,13
L22F,0.113236,Different Fold,29.3793,7.166,0.129428,0.0076,26.1149,65.4145,393,8,29,21
S241F,0.116168,Different Fold,37.8149,7.166,0.180383,0.0254,31.369,118.9661,393,9,1,8
D281G,0.118066,Different Fold,32.7702,7.166,0.14848,0.0102,27.5468,79.163,393,10,15,5
R342P,0.119404,Different Fold,36.0602,7.166,0.186312,0.0127,30.7337,74.4166,393,11,5,6
L194R,0.121541,Different Fold,32.8773,7.166,0.147928,0.0051,28.0744,74.2709,393,12,14,2
R175H,0.12194,Different Fold,31.8538,7.166,0.136948,0.0178,26.6425,81.1783,393,13,23,10
W23R,0.122279,Different Fold,36.4377,7.166,0.165932,0.0127,30.3933,91.897,393,14,4,10
R282Q,0.122876,Different Fold,31.5187,7.166,0.14593,0.0,27.1045,72.7919,393,15,25,10
K382R,0.124137,Different Fold,31.7023,7.166,0.134004,0.0178,26.9337,74.396,393,16,24,8
V143A,0.130283,Different Fold,35.4997,7.166,0.195343,0.0,28.8053,119.164,393,17,6,11
P72R,0.132383,Different Fold,37.0815,7.166,0.215874,0.0,30.255,103.8021,393,18,2,16
G245S,0.136129,Different Fold,33.4872,7.166,0.205182,0.0,27.6156,76.5241,393,19,9,10
R249G,0.138698,Different Fold,35.1811,7.166,0.219786,0.0483,29.3163,93.9354,393,20,7,13
H179R,0.148141,Different Fold,31.2106,7.166,0.167334,0.0127,24.7379,85.8348,393,21,26,5
R282W,0.14925,Different Fold,28.8514,7.166,0.177085,0.0483,24.7036,106.1541,393,22,31,9
E285K,0.149314,Different Fold,32.9137,7.166,0.21721,0.0,26.4971,106.235,393,23,13,10
I195T,0.156037,Different Fold,32.5522,7.166,0.233228,0.0483,26.6831,88.3443,393,24,17,7
R249S,0.171967,Different Fold,34.2997,7.166,0.267452,0.0712,26.2434,114.0848,393,25,8,17
V272M,0.176203,Different Fold,28.2678,7.166,0.263833,0.0865,23.6789,86.01,393,26,32,6
R175G,0.178328,Different Fold,32.1425,7.166,0.264122,0.0662,24.5765,99.737,393,27,21,6
Y220S,0.178742,Different Fold,32.0651,7.166,0.253256,0.0636,25.752,79.2522,393,28,22,6
R273C,0.186285,Different Fold,29.3747,7.166,0.28688,0.0865,23.7743,111.6015,393,29,30,1
R273L,0.190395,Different Fold,30.1157,7.166,0.288742,0.0891,24.4672,98.8411,393,30,28,2
R248W,0.217295,Different Fold,32.6174,7.166,0.363863,0.1323,25.6773,98.4201,393,31,16,15
R248L,0.231923,Different Fold,21.5996,7.166,0.335275,0.1069,18.2463,78.5527,393,32,43,11
R175C,0.233437,Different Fold,25.8032,7.166,0.359592,0.1399,21.0416,71.5208,393,33,35,2
N247D,0.237384,Different Fold,30.7411,7.166,0.347118,0.1349,22.3831,123.4064,393,34,27,7
R248Q,0.250781,Different Fold,22.192,7.166,0.362626,0.1425,18.6064,56.1675,393,35,39,4
R273H,0.272317,Different Fold,20.9865,7.166,0.431389,0.1501,17.4253,52.9083,393,36,44,8
R280K,0.283393,Different Fold,24.7245,7.166,0.447389,0.1781,18.9739,74.1967,393,37,36,1
N239D,0.286186,Different Fold,22.0229,7.166,0.40138,0.1883,17.6584,65.9711,393,38,42,4
H193R,0.298569,Different Fold,22.7217,7.166,0.449283,0.2036,17.5329,67.7954,393,39,37,2
L344R,0.301203,Partial Similarity,22.5967,7.166,0.48365,0.2239,18.015,54.6317,393,40,38,2
M237I,0.316272,Partial Similarity,19.7161,7.166,0.444553,0.2188,16.0119,48.3112,393,41,46,5
Y220C,0.323356,Partial Similarity,22.1159,7.166,0.495827,0.2137,16.7283,80.2296,393,42,40,2
C176F,0.327922,Partial Similarity,27.554,7.166,0.510253,0.2417,19.5243,114.2793,393,43,33,10
T125M,0.331304,Partial Similarity,26.5572,7.166,0.501926,0.2901,19.0224,98.683,393,44,34,10
A189V,0.383049,Partial Similarity,18.9269,7.166,0.549479,0.402,14.4449,54.9211,393,45,47,2
C135Y,0.404956,Partial Similarity,20.5619,7.166,0.594416,0.3817,14.3483,77.9822,393,46,45,1
A138V,0.40983,Partial Similarity,14.2027,7.166,0.596057,0.4529,11.7,33.7593,393,47,49,2
P47S,0.439306,Partial Similarity,22.0739,7.166,0.674041,0.4733,15.6816,55.8668,393,48,41,7
K132R,0.483595,Partial Similarity,17.7668,7.166,0.734413,0.5827,12.6535,46.7445,393,49,48,1
R213Q,0.644262,Same Fold,8.2168,7.166,0.770854,0.7786,6.3231,29.1086,393,50,50,0
