Residue_Number,Residue_Name,Displacement_Angstrom
1,MET,25.4198
2,GLU,24.4844
3,GLU,24.1033
4,PRO,23.3796
5,GLN,22.7108
6,SER,21.9391
7,ASP,21.5112
8,PRO,20.7209
9,SER,20.2684
10,VAL,19.5025
11,GLU,18.7251
12,PRO,17.8834
13,PRO,17.1455
14,LEU,16.6896
15,SER,15.7854
16,GLN,15.2318
17,GLU,15.3261
18,THR,16.2078
19,PHE,15.9623
20,SER,15.3936
21,ASP,15.9354
22,LEU,16.5209
23,TRP,16.2083
24,LYS,15.9581
25,LEU,16.7589
26,LEU,16.8801
27,PRO,16.9328
28,GLU,16.5101
29,ASN,16.5071
30,ASN,16.8334
31,VAL,16.7221
32,LEU,17.5698
33,SER,17.2273
34,PRO,17.9962
35,LEU,18.6001
36,PRO,18.7974
37,SER,19.7176
38,GLN,20.4076
39,ALA,20.6879
40,MET,21.1856
41,ASP,22.1679
42,ASP,22.5513
43,LEU,22.3003
44,MET,22.7861
45,LEU,23.2713
46,SER,24.1033
47,PRO,24.053
48,ASP,25.2186
49,ASP,24.9136
50,ILE,24.3646
51,GLU,25.4008
52,GLN,26.2348
53,TRP,25.4955
54,PHE,25.526
55,THR,26.7884
56,GLU,28.0461
57,ASP,25.3872
58,PRO,27.0679
59,GLY,23.8646
60,PRO,21.2642
61,ASP,19.593
62,GLU,18.6033
63,ALA,16.046
64,PRO,15.623
65,ARG,18.4423
66,MET,17.8371
67,PRO,21.5887
68,GLU,22.4844
69,ALA,21.5495
70,ALA,23.0127
71,PRO,24.2365
72,PRO,21.4132
73,VAL,20.1288
74,ALA,21.5295
75,PRO,18.4117
76,ALA,17.152
77,PRO,18.4201
78,ALA,16.1639
79,ALA,14.2903
80,PRO,15.886
81,THR,14.9051
82,PRO,13.3027
83,ALA,16.08
84,ALA,16.0904
85,PRO,14.731
86,ALA,17.3464
87,PRO,18.4772
88,ALA,16.5346
89,PRO,18.2773
90,SER,20.4753
91,TRP,19.3054
92,PRO,21.9976
93,LEU,22.6541
94,SER,22.6064
95,SER,26.2569
96,SER,24.9973
97,VAL,23.1164
98,PRO,20.7677
99,SER,22.3695
100,GLN,21.2934
101,LYS,23.6321
102,THR,22.3247
103,TYR,21.7095
104,GLN,20.4752
105,GLY,20.1807
106,SER,19.4486
107,TYR,16.6254
108,GLY,19.1885
109,PHE,16.7623
110,ARG,17.8161
111,LEU,16.383
112,GLY,17.4863
113,PHE,17.375
114,LEU,18.8587
115,HIS,22.3863
116,SER,21.2361
117,GLY,24.9152
118,THR,24.221
119,ALA,24.7384
120,LYS,22.966
121,SER,21.2607
122,VAL,19.3886
123,THR,15.2348
124,CYS,15.0475
125,THR,18.2874
126,TYR,19.3272
127,SER,22.6868
128,PRO,24.499
129,ALA,27.29
130,LEU,24.6542
131,ASN,22.122
132,LYS,19.4304
133,MET,16.3483
134,PHE,15.8353
135,CYS,12.7183
136,GLN,10.8015
137,LEU,6.8573
138,ALA,5.7264
139,LYS,9.2248
140,THR,9.6937
141,CYS,10.4097
142,PRO,11.5931
143,VAL,11.7177
144,GLN,13.1446
145,LEU,12.4051
146,TRP,15.2947
147,VAL,15.2989
148,ASP,17.7378
149,SER,14.7481
150,THR,10.8223
151,PRO,10.1581
152,PRO,8.6159
153,PRO,5.3181
154,GLY,6.4426
155,THR,7.588
156,ARG,7.1271
157,VAL,7.5591
158,ARG,9.042
159,ALA,9.164
160,MET,11.5617
161,ALA,12.5959
162,ILE,16.2721
163,TYR,18.0147
164,LYS,20.6506
165,GLN,23.3704
166,SER,25.885
167,GLN,25.7931
168,HIS,21.9168
169,MET,21.8545
170,THR,22.6744
171,GLU,19.5712
172,VAL,16.4919
173,VAL,13.1164
174,ARG,10.3323
175,ARG,7.0571
176,CYS,7.4303
177,PRO,8.4079
178,HIS,4.9952
179,HIS,3.3627
180,GLU,6.9799
181,ARG,8.5427
182,CYS,6.746
183,SER,9.5269
184,ASP,7.0308
185,SER,8.2141
186,ASP,8.3669
187,GLY,10.9733
188,LEU,8.6832
189,ALA,6.6041
190,PRO,9.1473
191,PRO,8.0411
192,GLN,8.8247
193,HIS,6.9629
194,LEU,5.6863
195,ILE,4.6623
196,ARG,1.1369
197,VAL,1.3416
198,GLU,4.6518
199,GLY,7.2369
200,ASN,4.839
201,LEU,7.2141
202,ARG,5.4676
203,VAL,4.1647
204,GLU,7.3165
205,TYR,8.595
206,LEU,12.0281
207,ASP,14.7283
208,ASP,17.546
209,ARG,21.1473
210,ASN,23.3514
211,THR,21.2705
212,PHE,18.7489
213,ARG,15.8252
214,HIS,11.9897
215,SER,9.9681
216,VAL,6.4531
217,VAL,6.0638
218,VAL,2.9612
219,PRO,2.7362
220,TYR,4.2855
221,GLU,4.2427
222,PRO,7.5098
223,PRO,10.816
224,GLU,12.1382
225,VAL,14.8108
226,GLY,17.9627
227,SER,16.2733
228,ASP,16.5911
229,CYS,13.9446
230,THR,10.2992
231,THR,10.2504
232,ILE,7.1349
233,HIS,7.2211
234,TYR,5.6257
235,ASN,4.6574
236,TYR,5.0881
237,MET,2.0927
238,CYS,4.5155
239,ASN,7.5385
240,SER,11.0414
241,SER,10.7711
242,CYS,7.7447
243,MET,9.4397
244,GLY,11.0332
245,GLY,10.3675
246,MET,12.1035
247,ASN,12.997
248,ARG,14.7918
249,ARG,16.8875
250,PRO,17.3708
251,ILE,15.7375
252,LEU,16.3647
253,THR,13.4515
254,ILE,14.7208
255,ILE,12.6786
256,THR,13.3819
257,LEU,12.0392
258,GLU,12.3959
259,ASP,12.0109
260,SER,11.4234
261,SER,15.375
262,GLY,15.3369
263,ASN,17.2819
264,LEU,17.2514
265,LEU,15.9909
266,GLY,16.7064
267,ARG,17.3534
268,ASN,17.7104
269,SER,17.5546
270,PHE,17.6195
271,GLU,17.6877
272,VAL,14.5387
273,ARG,14.2838
274,VAL,10.8969
275,CYS,12.2501
276,ALA,12.9407
277,CYS,16.8004
278,PRO,17.2358
279,GLY,21.0508
280,ARG,22.0889
281,ASP,20.4614
282,ARG,22.1195
283,ARG,25.6918
284,THR,25.4837
285,GLU,24.9715
286,GLU,27.6184
287,GLU,30.2654
288,ASN,29.7692
289,LEU,30.5882
290,ARG,33.8407
291,LYS,35.1605
292,LYS,35.019
293,GLY,37.1312
294,GLU,40.1344
295,PRO,43.3568
296,HIS,43.4578
297,HIS,47.2494
298,GLU,48.5911
299,LEU,50.12
300,PRO,53.3795
301,PRO,53.0092
302,GLY,54.562
303,SER,53.3789
304,THR,51.4205
305,LYS,50.6737
306,ARG,45.3621
307,ALA,42.8878
308,LEU,37.1932
309,PRO,31.1744
310,ASN,28.015
311,ASN,23.0766
312,THR,19.7825
313,SER,18.2554
314,SER,16.4613
315,SER,17.8136
316,PRO,16.4483
317,GLN,17.8178
318,PRO,18.3185
319,LYS,17.0676
320,LYS,17.1242
321,LYS,17.376
322,PRO,16.524
323,LEU,15.5002
324,ASP,17.2025
325,GLY,16.1705
326,GLU,15.5925
327,TYR,18.5882
328,PHE,18.3648
329,THR,22.6968
330,LEU,21.4495
331,GLN,26.2324
332,ILE,23.5477
333,ARG,27.3084
334,GLY,25.7044
335,ARG,24.971
336,GLU,19.3231
337,ARG,17.2965
338,PHE,19.9849
339,GLU,19.4172
340,MET,14.3627
341,PHE,14.0929
342,ARG,18.2063
343,GLU,18.1199
344,LEU,14.59
345,ASN,15.6788
346,GLU,21.0049
347,ALA,20.8849
348,LEU,18.4113
349,GLU,21.3468
350,LEU,26.5242
351,LYS,25.7378
352,ASP,24.1173
353,ALA,29.2526
354,GLN,33.1234
355,ALA,31.135
356,GLY,31.789
357,LYS,38.4306
358,GLU,40.6653
359,PRO,44.8389
360,GLY,43.32
361,GLY,47.537
362,SER,49.8417
363,ARG,48.1907
364,ALA,53.4181
365,HIS,51.7403
366,SER,56.4406
367,SER,55.3083
368,HIS,58.343
369,LEU,60.7302
370,LYS,62.1358
371,SER,67.2675
372,LYS,69.65
373,LYS,73.6982
374,GLY,78.1099
375,GLN,80.3606
376,SER,84.6919
377,THR,86.0407
378,SER,89.0083
379,ARG,89.1192
380,HIS,88.5427
381,LYS,90.0381
382,LYS,87.9839
383,LEU,89.3284
384,MET,87.2268
385,PHE,87.4324
386,LYS,88.6958
387,THR,87.6391
388,GLU,89.7089
389,GLY,86.9435
390,PRO,89.1632
391,ASP,90.0542
392,SER,89.832
393,ASP,90.5938
