Mutation,Classification,Mut_Efficiency,Delta_Efficiency,Mut_Max_BC,Delta_Max_BC,Mut_Avg_CC,Delta_Avg_CC,Mut_Clustering,Delta_Clustering,True_Label
A138V,Unknown,0.1282964735897282,-9.137571258518995e-05,0.3579925356898544,0.028852183896963313,0.05319565302945481,-0.0001645029917632726,0.5509193209125852,-0.0006052999205222731,Benign
A159V,Likely Oncogenic,0.12795692772150422,-0.0004309215808091793,0.34131430103936383,0.012173949246472748,0.053064072303348836,-0.00029608371786924575,0.5499983863365093,-0.0015262344965981667,Other
A189V,Benign,0.12858167628333877,0.0001938269810253801,0.34004805164737256,0.010907699854481478,0.05368703912365315,0.0003268831024350674,0.5537390547718343,0.0022144339387267786,Benign
A276V,Likely Oncogenic,0.12628759887781554,-0.0021002504244978515,0.35409059877896243,0.024950246986071345,0.051354991710618,-0.002005164310600084,0.5470187556626711,-0.004505865170436385,Other
C135Y,Likely Oncogenic,0.12688978821858649,-0.0014980610837269093,0.3577112663586974,0.028570914565806294,0.052087268865934226,-0.0012728871552838555,0.551509318235856,-1.5302597251465322e-05,Pathogenic
C141Y,Likely Oncogenic,0.12823776350265453,-0.00015008579965886115,0.3701609710210911,0.041020619228199995,0.05301527417337294,-0.0003448818478451396,0.5508149461674381,-0.000709674665669402,Other
C176F,Likely Oncogenic,0.12882123767153836,0.00043338836922496293,0.3291403517928911,0.0,0.05355875999066248,0.00019860396944439834,0.5518162590457155,0.00029163821260802525,Pathogenic
C176R,Likely Oncogenic,0.12837255152911678,-1.5297773196615294e-05,0.370223159923292,0.04108280813040094,0.05300273622108123,-0.0003574198001368503,0.5474690433716027,-0.004055577461504756,Other
C176S,Likely Oncogenic,0.12791606017895743,-0.00047178912335596457,0.341912430753713,0.012772078960821942,0.052782203444438396,-0.0005779525767796861,0.5475412731923732,-0.003983347640734269,Other
C238Y,Likely Oncogenic,0.1267912962420938,-0.0015965530602196076,0.34876339316419575,0.01962304137130466,0.052128396893646275,-0.0012317591275718062,0.5522970896455403,0.0007724688124327583,Other
C242F,Likely Oncogenic,0.12836388316293995,-2.3966139373443607e-05,0.30010898572517186,-0.029031366067719222,0.05319732641980913,-0.00016282960140895364,0.5519990445450704,0.00047442371196293465,Other
C242S,Likely Oncogenic,0.12639821678969013,-0.0019896325126232683,0.34765201691464215,0.018511665121751064,0.05147151780896059,-0.0018886382122574943,0.5479352579599546,-0.0035893628731529237,Other
D21N,Unknown,0.1285256552378513,0.00013780593553791576,0.37019642924918533,0.04105607745629425,0.05388068208989408,0.0005205260686759958,0.5502340235725954,-0.0012905972605120608,Benign
D281E,Likely Oncogenic,0.1262608334916925,-0.002127015810620886,0.3597864337947828,0.030646082001891728,0.05136027557009449,-0.0019998804511235924,0.5467294417900612,-0.0047951790430462715,Other
D281G,Unknown,0.13565414879116397,0.007266299488850575,0.3323967238320917,0.0032563720392005946,0.06498306635175415,0.011622910330536064,0.5473894692013237,-0.0041351516317837955,Other
D393E,Benign,0.1277782341643859,-0.0006096151379274828,0.34839285494392,0.019252503151028943,0.05252556161763569,-0.0008345944035823907,0.5472520918187733,-0.00427252901433417,Other
D49R,Unknown,0.1282315850649353,-0.00015626423737810646,0.31863251260555875,-0.010507839187332335,0.05283021618103643,-0.0005299398401816535,0.5476575965237842,-0.003867024309323286,Other
E221K,Likely Oncogenic,0.1278541689641392,-0.0005336803381741917,0.3291403517928911,0.0,0.05273867406437943,-0.0006214819568386501,0.5493067518887004,-0.00221786894440712,Other
E258K,Likely Oncogenic,0.12711622179958876,-0.001271627502724637,0.35798857108447696,0.028848219291585875,0.05184641783632826,-0.0015137381848898193,0.5437312006126553,-0.007793420220452152,Other
E285K,Unknown,0.12892164448963808,0.0005337951873246871,0.3702210003839395,0.04108064859104843,0.0536936929444562,0.00033353692323812023,0.5506349992205399,-0.0008896216125675593,Other
E286K,Likely Oncogenic,0.12769278152821598,-0.0006950677740974187,0.33741976143837854,0.008279409645487457,0.05241080226352341,-0.0009493537576946709,0.5445946347720032,-0.006929986061104287,Other
E294G,Unknown,0.12784296476521423,-0.0005448845370991662,0.3299828461113847,0.0008424943184935918,0.05297251888679777,-0.0003876371344203114,0.5477305274678422,-0.003794093365265261,Other
E326N,Unknown,0.1268252094684287,-0.001562639833884688,0.3720360071938222,0.0428956554009311,0.05203190353661147,-0.0013282524846066138,0.5502325548688368,-0.0012920659642706722,Other
E339D,Unknown,0.12697278002437315,-0.0014150692779402452,0.36259401791764473,0.033453666124753645,0.05205581193659868,-0.0013043440846194007,0.5515327348398743,8.114006766812842e-06,Other
E352D,Unknown,0.12857152101304664,0.0001836717107332464,0.3404637937317616,0.011323441938870527,0.05349540651971175,0.00013525049849366644,0.5524361591941294,0.0009115383610218686,Other
E56D,Benign,0.12681981593934327,-0.0015680333629701226,0.35837823436638255,0.02923788257349147,0.05194879979527515,-0.0014113562259429335,0.5489961422269459,-0.002528478606161566,Other
F113N,Unknown,0.1282297812589311,-0.0001580680433822812,0.3398034938395697,0.01066314204667862,0.05310869986573271,-0.0002514561554853717,0.5497747782660218,-0.0017498425670856577,Other
F270L,Likely Oncogenic,0.12825769746811663,-0.00013015183419676224,0.37017892256751134,0.04103857077462025,0.05306280838505616,-0.0002973476361619251,0.5499095397276805,-0.0016150811054269631,Other
F341K,Unknown,0.128080457944156,-0.00030739135815738283,0.34212460019840546,0.012984248405514376,0.05317869241519226,-0.00018146360602581957,0.5483651271145658,-0.0031594937185417393,Other
F54S,Unknown,0.1265241601763276,-0.0018636891259858068,0.3592086407692519,0.030068288976360824,0.05192260659024657,-0.0014375494309715117,0.5473952966656154,-0.004129324167492121,Other
G108L,Unknown,0.1263830768884897,-0.0020047724138236855,0.3620683912467218,0.032928039453830715,0.051702148486585095,-0.0016580075346329867,0.5477910570860726,-0.003733563747034929,Other
G187T,Unknown,0.12891761282202793,0.0005297635197145378,0.3291403517928911,0.0,0.0537903682128796,0.00043021219166151925,0.5525389493508038,0.001014328517696339,Other
G244C,Likely Oncogenic,0.12896694537487385,0.0005790960725604588,0.3580062244573669,0.028865872664475822,0.05393513099878419,0.0005749749775661103,0.5552020884867764,0.003677467653668942,Other
G245D,Unknown,0.12760690120722235,-0.0007809480950910497,0.34033990052259927,0.011199548729708186,0.05267814970859369,-0.0006820063126243905,0.5482373872697175,-0.003287233563390002,Other
G245S,Likely Oncogenic,0.12843006280665892,4.2213504345522956e-05,0.3704257985840829,0.04128544679119184,0.053127565851713375,-0.00023259016950470668,0.5503947191194607,-0.001129901713646797,Pathogenic
G266V,Unknown,0.12711412043422085,-0.001273728868092544,0.37026129585239115,0.041120944059500064,0.05200190221298351,-0.0013582538082345733,0.543710766690111,-0.007813854142996512,Other
G302R,Unknown,0.12768566871221684,-0.0007021805900965516,0.35798309878962553,0.028842746996734447,0.05238705872971399,-0.0009730972915040909,0.5469827985880971,-0.0045418222450104295,Other
H179Q,Likely Oncogenic,0.1269044510565013,-0.0014833982458120898,0.3628021920237985,0.0336618402309074,0.05228868748483716,-0.0010714685363809248,0.5509994400317703,-0.0005251808013372328,Other
H179R,Likely Oncogenic,0.12794733691377194,-0.000440512388541453,0.3579865589110756,0.02884620711818453,0.05286076760087402,-0.0004993884203440616,0.5479461502923557,-0.003578470540751777,Pathogenic
H193R,Likely Oncogenic,0.12850361600883575,0.00011576670652235777,0.33673580900887123,0.00759545721598015,0.05364688055937622,0.0002867245381581382,0.5510669854518078,-0.0004576353812997258,Pathogenic
H380R,Unknown,0.12752285411944525,-0.0008649951828681446,0.3579879646594983,0.028847612866607197,0.05221787380163576,-0.001142282219582319,0.5465230747898012,-0.005001546043306271,Other
I195T,Unknown,0.12590837927309667,-0.0024794700292167238,0.37518422698554693,0.04604387519265585,0.05125543229930317,-0.0021047237219149126,0.5486248422036475,-0.0028997786294600036,Other
I251F,Likely Oncogenic,0.12662384638189836,-0.0017640029204150365,0.3592193128885895,0.03007896109569841,0.05226715278969702,-0.0010930032315210614,0.5489258969838223,-0.002598723849285167,Other
K132R,Benign,0.12750158965457783,-0.00088625964773556,0.3403628743083317,0.011222522515440592,0.05216537084465895,-0.0011947851765591322,0.5458417287447371,-0.0056828920883703615,Benign
K164E,Likely Oncogenic,0.12829184966312124,-9.599963919215693e-05,0.3701738249429002,0.0410334731500091,0.05321449704061517,-0.00014565898060291127,0.5499413075075399,-0.0015833133255676035,Other
K292R,Unknown,0.1264224385320953,-0.0019654107702180845,0.3627575605027072,0.033617208709816104,0.051751737128671316,-0.001608418892546766,0.5493672864912198,-0.0021573343418876956,Other
K319T,Unknown,0.12867486657214366,0.00028701726983026976,0.35944936249022175,0.030309010697330663,0.05385470980278115,0.000494553781563066,0.5512164642721444,-0.00030815656096305766,Other
K372S,Unknown,0.1261165070845768,-0.0022713422177365883,0.347094839994589,0.017954488201697927,0.05129816000429517,-0.002061996016922911,0.5494451066072079,-0.0020795142258995813,Other
K382R,Unknown,0.12774500192212215,-0.0006428473801912415,0.3702968828567568,0.04115653106386574,0.052365179376150775,-0.0009949766450673067,0.5474389349445477,-0.004085685888559842,Benign
L130F,Likely Oncogenic,0.1281383018420226,-0.00024954746029079433,0.3291403517928911,0.0,0.052994288957084044,-0.00036586706413403725,0.5482367297589567,-0.0032878910741508394,Other
L14V,Benign,0.12876684353941387,0.00037899423710047175,0.3367630959847672,0.007622744191876141,0.05378646319148227,0.00042630717026418546,0.5522903670860563,0.0007657462529487846,Other
L194R,Unknown,0.12844429349119033,5.64441888769307e-05,0.28322832216516713,-0.04591202962772395,0.05321811716723223,-0.00014203885398585137,0.5520582404506966,0.0005336196175891317,Other
L22F,Unknown,0.1280196220670185,-0.00036822723529489343,0.3702282466237352,0.04108789483084413,0.05264838647218569,-0.00071176954903239,0.5471826370007777,-0.004341983832329754,Other
L25V,Benign,0.12753704428771173,-0.0008508050146016632,0.3716977702331684,0.04255741844027733,0.05282226848989276,-0.0005378875313253248,0.5523569360008515,0.0008323151677439578,Other
L344R,Unknown,0.12656898889655938,-0.0018188604057540192,0.3600541567982415,0.030913805005350403,0.051879819495371175,-0.0014803365258469064,0.5505168184108461,-0.0010078024222613946,Other
M237I,Likely Oncogenic,0.12757541533576336,-0.0008124339665500357,0.37173974150811145,0.04259938971522037,0.052625075412059505,-0.0007350806091585768,0.5527592337313935,0.0012346128982859694,Pathogenic
M40N,Unknown,0.12670059802297284,-0.0016872512793405514,0.3729870029791341,0.043846651186243035,0.051737052799017524,-0.0016231032222005573,0.5488323061627953,-0.002692314670312168,Other
N210S,Unknown,0.12815340036532313,-0.00023444893699026137,0.37027526704918906,0.04113491525629798,0.05297406824527098,-0.0003860877759470985,0.5488051903857919,-0.002719430447315596,Other
N239D,Unknown,0.12665873452966817,-0.0017291147726452294,0.36227073509667684,0.03313038330378576,0.052038464374572366,-0.001321691646645716,0.5506441973101154,-0.0008804235229921131,Other
N247D,Unknown,0.12764933664757425,-0.0007385126547391485,0.3725192726332773,0.04337892084038619,0.053011594932872434,-0.0003485610883456475,0.5547306798541642,0.0032060590210567508,Other
N29S,Unknown,0.12675667057146212,-0.0016311787308512793,0.3291403517928911,0.0,0.05144565881619369,-0.0019144972050243944,0.5474813944391851,-0.004043226393922406,Other
N345S,Unknown,0.12719616421964314,-0.0011916850826702574,0.3729221219483857,0.043781770155494615,0.05228055491928046,-0.0010796011019376245,0.551773930804016,0.0002493099709085511,Benign
P152L,Likely Oncogenic,0.1271896066449746,-0.0011982426573387828,0.37266620514216203,0.04352585334927095,0.05225436806160911,-0.0011057879596089726,0.5515403225888182,1.570175571075083e-05,Other
P250L,Likely Oncogenic,0.12649444199791707,-0.0018934073043963273,0.3740976986169069,0.04495734682401581,0.05145911667572207,-0.001901039345496014,0.546722059227672,-0.0048025616054354625,Other
P278R,Likely Oncogenic,0.12882779888994164,0.00043994958762824665,0.37103358173621453,0.04189322994332345,0.053852982460455966,0.0004928264392378839,0.5533308373676581,0.0018062165345505976,Other
P278S,Likely Oncogenic,0.129026299596947,0.0006384502946336079,0.33912670646288795,0.009986354669996866,0.054009595013528054,0.0006494389923099725,0.5539356936864794,0.0024110728533719428,Pathogenic
P34L,Benign,0.12791760749900075,-0.00047024180331264875,0.370172799022266,0.041032447229374935,0.052963366052569884,-0.00039678996864819793,0.5468752210220552,-0.004649399811052279,Benign
P36G,Unknown,0.1266361569055347,-0.0017516923967786924,0.3487659964615635,0.019625644668672393,0.05177533572046913,-0.0015848203007489542,0.5495541346012831,-0.0019704862318243865,Other
P47S,Benign,0.1285358836594837,0.00014803435717031244,0.35943995070396223,0.030299598911071146,0.05376141939358459,0.00040126337236651155,0.5496860587565571,-0.0018385620765504207,Benign
P71V,Unknown,0.12732031096699115,-0.001067538335322249,0.3404467310957898,0.01130637930289874,0.052067979883964964,-0.0012921761372531176,0.5454162848078428,-0.006108336025264727,Other
P72R,Benign,0.12776827499530494,-0.0006195743070084581,0.32068031662467883,-0.008460035168212254,0.05277742253314789,-0.0005827334880701904,0.5479752460780748,-0.003549374755032697,Benign
P85S,Unknown,0.126600769046309,-0.0017870802560044086,0.37200287541761384,0.04286252362472276,0.051728676443490614,-0.0016314795777274682,0.5474214961641991,-0.004103124668908387,Benign
Q331R,Unknown,0.127011237122999,-0.001376612179314396,0.34161330656128647,0.012472954768395383,0.05198133559666107,-0.0013788204245570104,0.5443943606494122,-0.007130260183695336,Other
Q375H,Unknown,0.12646324303005715,-0.0019246062722562407,0.35961094586206693,0.03047059406917585,0.05145499665728535,-0.0019051593639327347,0.5478550167256947,-0.003669604107412794,Other
Q5T,Unknown,0.14308710752838552,0.014699258226072126,0.3206820941828597,-0.008458257610031383,0.07443684649890245,0.021076690477684366,0.5486691388240557,-0.002855482009051835,Other
R110P,Likely Oncogenic,0.12780584453094218,-0.000582004771371214,0.3418864692297353,0.012746117436844229,0.05284234935390269,-0.000517806667315393,0.549130958515781,-0.002393662317326517,Other
R156H,Likely Oncogenic,0.1284425171393717,5.4667837058292035e-05,0.32068186825086625,-0.00845848354202483,0.053202858167323695,-0.00015729785389438644,0.5511148337933249,-0.0004097870397825609,Other
R158H,Likely Oncogenic,0.12862771362967582,0.00023986432736242125,0.3291403517928911,0.0,0.05359968845508586,0.00023953243386777567,0.5525958445918031,0.0010712237586956164,Pathogenic
R158L,Likely Oncogenic,0.12831054699294872,-7.730230936467408e-05,0.3404501053222579,0.011309753529366806,0.0531246760097579,-0.00023548001146018321,0.5505939776932144,-0.0009306431398931059,Pathogenic
R175C,Unknown,0.12905868886016922,0.0006708395578558235,0.3465795851089789,0.01743923331608782,0.054330801184343205,0.0009706451631251237,0.554200025057681,0.0026754042245734633,Other
R175G,Unknown,0.12922264968820735,0.0008348003858939523,0.37017298326042786,0.04103263146753677,0.05431261242075996,0.0009524563995418761,0.5532692157748285,0.0017445949417209672,Other
R175H,Likely Oncogenic,0.12637219583171114,-0.0020156534706022577,0.3625223804712356,0.0333820286783445,0.0511399611115324,-0.0022201949096856827,0.549357706688196,-0.002166914144911547,Pathogenic
R196Q,Likely Oncogenic,0.1265016425556913,-0.0018862067466220989,0.3598676477609189,0.030727295968027812,0.05191847875083916,-0.001441677270378923,0.5501042497225702,-0.0014203711105372774,Other
R213Q,Likely Oncogenic,0.127913524088649,-0.0004743252136643894,0.3396849958593898,0.010544644066498743,0.05262220888210003,-0.0007379471391180531,0.5465569895520501,-0.004967631281057372,Pathogenic
R248G,Likely Oncogenic,0.12758398311177782,-0.0008038661905355737,0.34177325354898813,0.012632901756097048,0.052313380863623374,-0.001046775157594708,0.5439266711269404,-0.0075979497061671175,Other
R248L,Unknown,0.1286890556254469,0.00030120632313351825,0.3368225254485703,0.007682173655679192,0.0534291109263791,6.89549051610186e-05,0.5512505480848542,-0.00027407274825330674,Other
R248Q,Likely Oncogenic,0.12795674628419496,-0.00043110301811843943,0.3702447262348164,0.04110437444192533,0.05287571122030844,-0.0004844448009096447,0.547753174414602,-0.003771446418505464,Pathogenic
R248W,Likely Oncogenic,0.1290678727679331,0.0006800234656197113,0.3702317640121899,0.041091412219298795,0.05393576788511706,0.0005756118638989768,0.5526697748857603,0.0011451540526528081,Pathogenic
R249G,Unknown,0.1286344683868271,0.00024661908451370507,0.37017266179374303,0.041032310000851946,0.0534916578120285,0.0001315017908104163,0.5508967649290953,-0.0006278559040121534,Other
R249S,Likely Oncogenic,0.12727585560929872,-0.001111993693014679,0.3746364939134312,0.045496142120540095,0.05292829910332196,-0.0004318569178961215,0.5516994393622141,0.00017481852910661289,Pathogenic
R249T,Likely Oncogenic,0.1267762088550984,-0.0016116404472149848,0.36226103346890315,0.033120681676012065,0.05204154140192491,-0.001318614619293175,0.5513222018049138,-0.00020241902819373436,Other
R267W,Unknown,0.1406629338688725,0.012275084566559097,0.37447327498295635,0.045332923190065266,0.06730743074016415,0.013947274718946072,0.549089501693902,-0.002435119139205466,Other
R273C,Likely Oncogenic,0.1283587046856936,-2.914461661979173e-05,0.3359274682749454,0.006787116482054323,0.053409093664328,4.893764310991838e-05,0.5514508961410621,-7.37246920453627e-05,Pathogenic
R273H,Likely Oncogenic,0.12910368684896428,0.0007158375466508882,0.3597640878754055,0.030623736082514397,0.05445263159360229,0.001092475572384205,0.5527868898883717,0.0012622690552641647,Pathogenic
R273L,Likely Oncogenic,0.1342046258999461,0.005816776597632717,0.3363606012190089,0.00722024942611782,0.05950819623858594,0.00614804021736786,0.5530624292635966,0.0015378084304891182,Pathogenic
R280K,Unknown,0.12867986414772076,0.00029201484540736233,0.3291403517928911,0.0,0.05358269231415605,0.0002225362929379679,0.5526354489196877,0.0011108280865802511,Other
R280T,Likely Oncogenic,0.14249721833524617,0.014109369032932778,0.3206804276752621,-0.00845992411762897,0.07221056226902582,0.01885040624780774,0.5487614362221455,-0.002763184610962033,Other
R282Q,Unknown,0.1271605808817076,-0.0012272684206058038,0.3404824488597732,0.011342097066882106,0.0517920000037842,-0.0015681560174338818,0.5436062345245102,-0.007918386308597314,Other
R282W,Likely Oncogenic,0.12827264060320215,-0.00011520869911124665,0.35802437961890116,0.028884027826010072,0.05341196061830508,5.1804597087000415e-05,0.549688598667045,-0.0018360221660624898,Pathogenic
R306P,Likely Oncogenic,0.12830247978989565,-8.536951241774893e-05,0.3405436503679815,0.011403298575090426,0.053133594701680206,-0.00022656131953787545,0.5501984266128854,-0.0013261942202220656,Other
R337H,Benign,0.13524707374740572,0.006859224445092321,0.35276678838296627,0.023626436590075184,0.06436834104204572,0.011008185020827642,0.5465416981694485,-0.004982922663658962,Benign
R342P,Unknown,0.12677323657090553,-0.0016146127314078662,0.35963396353663657,0.030493611743745486,0.051945196999746764,-0.0014149590214713181,0.5502612855554031,-0.0012633352777043916,Other
S166L,Unknown,0.12821855312564107,-0.00016929617667232888,0.3386093957164126,0.009469043923521492,0.0530664624461413,-0.00029369357507678245,0.5516495694762421,0.00012494864313461473,Other
S240N,Unknown,0.12579699433737668,-0.0025908549649367174,0.3622849728204703,0.0331446210275792,0.050817242920585565,-0.002542913100632517,0.5455871964852654,-0.005937424347842057,Other
S241F,Unknown,0.12909871167949818,0.00071086237718479,0.37017044654914627,0.04103009475625519,0.05389855932552809,0.0005384033043100075,0.5504466848988625,-0.001077935934244989,Other
S313R,Unknown,0.1286334394544758,0.00024559015216241153,0.37019585019346823,0.04105549840057715,0.05361135675333557,0.00025120073211749167,0.5500609532827762,-0.0014636675503313379,Other
S366A,Unknown,0.1284137626593647,2.5913357051293717e-05,0.37023099947185445,0.041090647678963366,0.05334399102373241,-1.616499748566952e-05,0.5499273236700268,-0.0015972971630806576,Other
S378Q,Unknown,0.12707519434479864,-0.0013126549575147584,0.3705272741953804,0.04138692240248931,0.05178238466898055,-0.0015777713522375295,0.5489699448051488,-0.002554676027958669,Other
S46E,Unknown,0.12743292788936608,-0.0009549214129473127,0.374154492389895,0.04501414059700393,0.052240107379461616,-0.001120048641756466,0.5535822664920104,0.0020576456589028735,Other
T125M,Unknown,0.12941556652081634,0.0010277172185029493,0.3594358392976057,0.030295487504714613,0.05465926216674091,0.0012991061455228312,0.5547130878069358,0.003188466973828352,Other
T155I,Likely Oncogenic,0.12737521332806256,-0.0010126359742508306,0.3414326223513084,0.012292270558417306,0.0523114252045108,-0.0010487308167072829,0.5472168167610464,-0.0043078040720611055,Other
T253I,Likely Oncogenic,0.12840310708011904,1.5257777805643968e-05,0.3291403517928911,0.0,0.05336900899179747,8.852970579391328e-06,0.5510493672370635,-0.00047525359604394524,Other
T387V,Unknown,0.129058901876341,0.0006710525740276085,0.3594657959676697,0.030325444174778615,0.05412057599591288,0.0007604199746947954,0.5517674279685955,0.00024280713548796573,Other
V143A,Unknown,0.12781022342517187,-0.0005776258771415244,0.28972855693002436,-0.03941179486286672,0.05265465496272189,-0.0007055010584961913,0.548592886266887,-0.002931734566220534,Other
V157F,Likely Oncogenic,0.12867242143704058,0.00028457213472718457,0.37023963072847865,0.04109927893558757,0.05348005004577598,0.00011989402455789971,0.5503919607309817,-0.0011326601021257598,Pathogenic
V173L,Likely Oncogenic,0.1287435462920877,0.00035569698977430675,0.3291403517928911,0.0,0.0535706834603712,0.00021052743915311867,0.5529746389086307,0.0014500180755232517,Other
V217M,Benign,0.12820622564647138,-0.00018162365584201146,0.33916266206157536,0.010022310268684276,0.0530661573564246,-0.00029399866479348086,0.5482015323730635,-0.0033230884600440325,Other
V272M,Unknown,0.12897647074925536,0.000588621446941967,0.37026147639087564,0.04112112459798456,0.05393478990659959,0.0005746338853815092,0.5537961348468756,0.0022715140137681278,Other
V31I,Unknown,0.12836569888938384,-2.2150412929550223e-05,0.3702703556529387,0.041130003860047615,0.05315920303130941,-0.00020095298990867316,0.5475388753341155,-0.003985745498991999,Benign
W146C,Likely Oncogenic,0.12719377224080738,-0.0011940770615060103,0.3598552901800422,0.030714938387151114,0.052467162956729124,-0.0008929930644889575,0.5537293923126883,0.0022047714795807583,Other
W23R,Unknown,0.12854370727665776,0.00015585797434436444,0.37023669653387703,0.041096344740985946,0.053177148922449576,-0.00018300709876850618,0.5488709838283253,-0.002653637004782161,Other
W91L,Unknown,0.12617061132679647,-0.002217237975516928,0.3514444340683184,0.022304082275427295,0.05144809217481191,-0.0019120638464061729,0.5487285631762503,-0.002796057656857198,Other
Y126D,Likely Oncogenic,0.12717207300433436,-0.001215776297979032,0.3577256954970821,0.028585343704191024,0.05225384018731402,-0.0011063158339040605,0.5529655400894736,0.0014409192563661355,Other
Y163C,Likely Oncogenic,0.1283465530713037,-4.1296231009707585e-05,0.3291403517928911,0.0,0.05315707246965535,-0.00020308355156273272,0.5487308152440615,-0.002793805589045961,Other
Y220C,Likely Oncogenic,0.1284832420173624,9.539271504899194e-05,0.33512518453496115,0.0059848327420700675,0.05333753032762029,-2.2625693597788654e-05,0.5503908749867439,-0.0011337458463636096,Pathogenic
Y220N,Likely Oncogenic,0.12787220701859608,-0.0005156422837173102,0.28653600959237985,-0.042604342200511236,0.05255244854908849,-0.0008077074721295902,0.5494706598096808,-0.002053961023426698,Other
Y220S,Unknown,0.1356986374233663,0.007310788121052902,0.33466094429878485,0.005520592505893762,0.06517775748079496,0.01181760145957688,0.5494844812424516,-0.002040139590655854,Other
Y234C,Likely Oncogenic,0.1276004371274269,-0.0007874121748864815,0.37018672863210744,0.04104637683921636,0.05239509419977842,-0.0009650618214396625,0.5473637577476822,-0.004160863085425293,Other
