Mutation,Full Protein,N-Terminal (TAD+PRD),DNA-Binding Domain,Tetramerization,C-Terminal
P278S,36.5299,16.2407,0.1708,0.3161,17.0799
R249S,34.2997,10.2526,0.1516,0.2623,14.3777
G245S,33.4872,20.9677,0.1636,0.3938,25.8475
R158H,33.4055,17.4655,0.2078,0.2988,23.0386
R248W,32.6174,19.0755,0.1252,0.4217,28.0458
V157F,32.2828,17.9239,0.2023,0.3153,19.4678
R158L,32.2115,16.678,0.1434,0.2626,18.8777
R175H,31.8538,19.0828,0.1401,0.3061,20.5006
H179R,31.2106,20.8324,0.1455,0.2759,16.2356
R273L,30.1157,23.658,0.1604,0.2403,25.1254
R273C,29.3747,23.464,0.1287,0.4262,27.0764
R282W,28.8514,23.815,0.1555,0.4367,14.6626
C176F,27.554,25.1517,0.1975,0.3571,22.3398
H193R,22.7217,13.7444,0.1653,0.3243,29.9384
R248Q,22.192,16.7768,0.1356,0.3135,27.3555
Y220C,22.1159,12.4222,0.1549,0.268,15.1469
R273H,20.9865,12.0828,0.1346,0.3567,18.3227
C135Y,20.5619,7.9343,0.1647,0.321,25.4205
M237I,19.7161,8.6013,0.1423,0.4095,17.8742
R213Q,8.2168,8.822,0.1426,0.3087,6.9297
