Mutation,Classification,WT_AA,Mut_AA,Position,Criterion,RMSD,Mean_Displacement,Max_Displacement,Residues_Above_5A,Residues_Above_10A,TM_Score,DBD_TM,Contacts_Lost,Preservation_Rate,DBD_Contact_Loss_Pct,Total_SS_Changes,SS_Change_Pct,Helix_to_Coil,DBD_Changes,Local_Global_Ratio,Total_SASA_Change,Hydrophobic_Exposure,DBCA_Score,Zinc_Score,DNA_Contact_Score,Loop_Score,ARES,DDE_Contact,Rewiring_Energy,PC1,PC2,BLOSUM62,Charge_Change,Hydro_Change,Volume_Change,MW_Change,In_DBD,In_Zinc,In_DNA_Contact,In_Loop,Local_pLDDT,Label,KAN_Probability,KAN_Prediction,LDA_Score,LDA_Prediction
A138V,Unknown,A,V,138,,13.98681896,11.52216,33.246158640000004,326.9536,146.7352,0.403600584,0.596057,5.9088,97.416416,0.945408,40.3768,10.271464,0.0,14.772,0.54882904,58.39864,325.486248,42.375944,4.618712,2.186256,6.066368,28.785704,-4.943695999999999,17.204456,-174.40492864,188.34930272000005,0.0,0.0,2.3635200000000003,50.61872,27.62364,0.9848,0.0,0.0,0.0,98.48,-1,2.1249696e-15,0,-0.0001555412994644419,1
A159V,Likely Oncogenic,A,V,159,,33.39471689,28.48257536,75.70772795,386.3471,382.3947,0.1143636820999999,0.140823,7.9048,97.387136,1.333935,47.4288,12.064701,3.9524,13.8334,0.0,14.72269,335.252449,30.275384,0.187739,0.019762,0.5829789999999999,29.020497,-10.562789,31.965035,0.0,0.0,0.0,0.0,2.37144,50.788340000000005,27.716204999999995,0.9881,0.0,0.0,0.0,98.81,1,1.0,1,0.001478331174841302,1
A189V,Benign,A,V,189,,17.35218192,13.24308432,50.35166448,304.37760000000003,151.27200000000002,0.3511793232,0.549479,6.4176,90.524832,1.23768,40.339200000000005,10.26816,3.6672,13.752,0.41971104,-155.67264000000003,386.165328,39.990816,5.54664,1.8336,5.115744,29.126736,-5.033232000000001,26.009616,-134.8264416,115.4654592,0.0,0.0,2.2003200000000005,47.123520000000006,25.71624,0.9168,0.0,0.0,0.9168,91.68,0,4.2915563e-12,0,-0.0045592417060227,0
A276V,Likely Oncogenic,A,V,276,,29.30932143,23.91572427,72.52997794,384.4703,354.9713,0.1538520344999999,0.153705,6.8831,97.091042,0.943968,58.0147,14.759333,0.9833,14.7495,0.0,414.65761,521.650483,30.669127,0.0589979999999999,0.501483,0.668644,38.220871,-4.070861999999999,44.34683,0.0,0.0,0.0,0.0,2.35992,50.54162,27.581564999999998,0.9833,0.0,0.0,0.0,98.33,1,1.0,1,0.00014829733268440802,1
C135Y,Likely Oncogenic,C,Y,135,,18.76890232,13.09712824,71.18215216000002,282.968,163.3912,0.3696438368,0.594416,7.3024,89.965568,1.2322800000000005,34.6864,8.826776,3.6512,8.215200000000001,0.48807416,-45.183600000000006,328.59887200000003,42.92898400000001,8.023512,1.807344,5.942328,36.822352,4.4179520000000005,26.078696,-247.42046448,62.87302504,-1.8256,0.0,3.46864,77.67928,54.80451200000001,0.9128,0.0,0.0,0.0,91.28,1,0.9995821,1,0.00030090539296066907,1
C141Y,Likely Oncogenic,C,Y,141,,30.51210042,25.12982394,73.84406660999998,360.4203,344.8296,0.1251373778999999,0.186715,7.336799999999999,90.389376,1.238085,42.1866,10.730069999999998,0.0,12.8394,0.0,74.10167999999999,350.194635,28.466784,0.247617,0.0183419999999999,0.73368,34.849799999999995,2.256066,26.68761,0.0,0.0,-1.8342,0.0,3.4849799999999997,78.04520999999998,55.062684,0.9171,0.0,0.0,0.0,91.71,1,1.0,1,0.0018870374906756339,1
C176F,Likely Oncogenic,C,F,176,,21.8034802,15.44957859,90.42921009,278.5376,147.9731,0.2594846786,0.510253,2.3739,78.702698,0.458954,35.6085,9.060385,0.0,4.7478,0.29586707,-270.14982,240.175376,28.320627,0.997038,0.7675609999999999,2.943636,18.207813,-7.525263,10.674637,-46.07170164,-16.58121672,-1.5826,0.0,0.2373899999999998,64.41182,34.84885200000001,0.7913,0.7913,0.0,0.7913,79.13,1,1.0,1,0.0017722182349105902,1
C176R,Likely Oncogenic,C,R,176,,26.43861232,23.827294240000004,53.31453632000001,328.86240000000004,324.6784,0.0820156048,0.108502,4.184,82.92688000000001,0.6443360000000001,35.982400000000005,9.154592,3.3472000000000004,7.531200000000001,0.0,-36.31712,292.695904,26.141632,0.317984,0.092048,0.7029120000000001,47.597184000000006,12.426480000000002,27.597664,0.0,0.0,-2.5104,0.8368000000000001,5.857600000000001,54.30832000000001,44.39224,0.8368000000000001,0.8368000000000001,0.0,0.8368000000000001,83.68,1,1.0,1,0.0002307867093296305,1
C176S,Likely Oncogenic,C,S,176,,34.7763115,27.6234385,103.664946,384.15,325.05,0.166330055,0.263656,5.91,97.4362,1.1425999999999998,54.175,13.78015,5.91,17.73,0.0,-15.2675,361.1404,31.07675,0.36445,0.0394,1.2017,47.40805,15.169,31.62835,0.0,0.0,-0.985,0.0,3.2505,19.2075,15.819100000000002,0.985,0.985,0.0,0.985,98.5,1,1.0,1,0.0018723800077280754,1
C238Y,Likely Oncogenic,C,Y,238,,17.48691528,13.0743534,47.27616888000001,255.438,141.4164,0.2508778764,0.517011,8.8848,72.43333200000001,1.7103240000000002,36.2796,9.232788,0.0,10.3656,0.0,-273.87396,242.710524,27.039408000000005,0.644148,1.7843640000000005,2.746884,31.703928,2.273028,30.200916000000003,0.0,0.0,-1.4808,0.0,2.81352,63.00804,44.45361600000001,0.7404000000000001,0.7404000000000001,0.0,0.7404000000000001,74.04,1,1.0,1,7.03915841819533e-05,1
C242F,Likely Oncogenic,C,F,242,,11.0670969,8.805129599999999,34.27250388,237.7518,123.8637,0.3817312973999999,0.644155,3.3252,82.531464,0.6401009999999999,32.4207,8.246495999999999,1.6626,7.481699999999999,0.0,-291.62004,279.200418,41.889207,7.032798,2.818107,7.124241,21.314532,-5.810787,11.563383,0.0,0.0,-1.6626,0.0,0.2493899999999998,67.66781999999999,36.610452,0.8312999999999999,0.8312999999999999,0.0,0.8312999999999999,83.13,1,1.0,1,0.0011033185714831024,1
C242S,Likely Oncogenic,C,S,242,,27.06033548,21.19207012,73.78216954,377.1824,318.4882,0.1786709179999999,0.188962,9.622,94.478418,1.6646059999999998,48.11,12.239184,0.0,11.546399999999998,0.0,60.71482,355.176886,30.126482,0.076976,0.442612,0.760138,47.590412,10.997946,44.520994,0.0,0.0,-0.9622,0.0,3.17526,18.7629,15.452932,0.9622,0.9622,0.0,0.9622,96.22,1,1.0,1,0.0029527856197821734,1
D21N,Unknown,D,N,21,,23.53555105,19.938332,57.83129974999999,274.7463,274.7463,0.0805139488,0.172547,4.194599999999999,69.154972,0.671136,36.3532,9.249093,3.4955,11.8847,0.0,-8.66884,276.011671,21.483343,0.06991,0.013982,0.4264509999999999,19.770548,-0.307604,17.141931999999997,0.0,0.0,0.6990999999999999,0.6990999999999999,0.0,2.0973,0.6921090000000063,0.0,0.0,0.0,0.0,69.91,-1,1.0000038e-15,0,-0.008267046343592896,0
D281E,Likely Oncogenic,D,E,281,,35.68288647000001,30.04822667,89.18809823000001,378.4473,366.7125,0.1204303408,0.159119,8.801100000000002,96.205802,1.505966,64.54140000000001,16.418941,4.889500000000001,16.6243,0.0,31.87954000000001,330.657327,29.610812000000003,0.029337,0.0,0.254254,43.242738,0.430276,63.40703600000001,0.0,0.0,1.9558,0.0,0.0,26.69667000000001,13.719937000000003,0.9779,0.0,0.9779,0.0,97.79,1,1.0,1,0.0005671174435120502,1
D281G,Unknown,D,G,281,,31.91489778,26.82782852,77.0968457,381.7688,374.9515,0.1149844774,0.14848,4.8695,96.51349,0.934944,36.0343,9.164399,0.9739,6.8173,0.81914729,5.74601,352.376498,29.781862,0.09739,0.019478,0.535645,40.572674,-3.087263,30.668111,196.04665434,24.74884419,-0.9739,0.9739,3.01909,49.6689,56.525156,0.9739,0.0,0.9739,0.0,97.39,-1,1.0,1,0.0016930581646062907,1
D393E,Benign,D,E,393,,10.36640739,9.55725006,18.97480262,113.8167,109.1111,0.0277309831,0.127988,1.7646000000000002,29.092372000000005,0.341156,15.8814,4.040934,0.0,2.0587,0.0,-51.58514000000001,110.68747600000002,9.555309,0.108817,0.408799,0.214693,8.97005,0.0,15.275554,0.0,0.0,0.5882000000000001,0.0,0.0,8.028930000000004,4.126223,0.0,0.0,0.0,0.0,29.41,0,9.230264e-09,0,-0.007468260772348047,0
D49R,Unknown,D,R,49,,7.14644385,6.5117577,12.70422825,94.185,89.838,0.0276792809999999,0.12498,0.966,23.97612,0.185955,10.626,2.7048,0.0,3.1395,0.0,-16.566899999999997,64.782375,7.78596,0.195615,0.06762,0.30429,7.657965,-0.079695,7.65555,0.0,0.0,-0.483,0.483,0.2415,15.045450000000002,9.92565,0.0,0.0,0.0,0.0,24.15,-1,0.9994259,1,-0.005901713515182776,0
E221K,Likely Oncogenic,E,K,221,,31.88109218,27.66507464,69.70606342,386.7906,382.8538,0.107085881,0.138305,8.8578,96.825596,1.515668,37.3996,9.517214,0.0,9.842,0.0,-234.14118,272.416718,30.736566,0.383838,0.0590519999999999,0.866096,48.17659,0.4232059999999999,48.17659,0.0,0.0,0.9842,1.9684,0.3936799999999999,29.722839999999987,0.9349900000000168,0.9842,0.0,0.0,0.0,98.42,1,1.0,1,0.0030766479885504495,1
E258K,Likely Oncogenic,E,K,258,,28.500190289999995,24.63367203,68.36942799,385.6509,381.7257,0.1163713857,0.13516,13.7382,95.647311,1.697649,65.7471,16.731165,6.8691,16.6821,0.0,206.073,419.250612,30.273105,0.049065,0.225699,0.559341,63.578427000000005,5.181264,90.789876,0.0,0.0,0.9813,1.9626,0.3925199999999998,29.635259999999988,0.9322350000000168,0.9813,0.0,0.0,0.0,98.13,1,1.0,1,0.0019446616659213472,1
E285K,Unknown,E,K,285,,32.12706257,25.86381931,103.6959835,383.6073,359.2048,0.1457453954,0.21721,4.8805,96.73151,0.937056,37.0918,9.438887,5.8566,8.7849,0.9682912,-296.7344,292.751912,31.079024,0.858968,0.068327,1.1127539999999998,41.738036,1.503194,26.667052,-157.36371848,-196.03240803,0.9761,1.9522,0.3904399999999999,29.47821999999999,0.9272950000000166,0.9761,0.0,0.0,0.0,97.61,-1,1.0,1,0.0034161287108779833,1
E286K,Likely Oncogenic,E,K,286,,23.33144057,18.77348273,68.18154071,372.0472,284.73,0.2178203481999999,0.314644,10.4401,93.021291,1.641943,45.5568,11.588511,5.694599999999999,8.5419,0.0,213.35768,408.502131,33.768978,1.974128,0.4935319999999999,2.913737,53.861425,5.799001,61.264405,0.0,0.0,0.9491,1.8982,0.3796399999999998,28.662819999999986,0.901645000000016,0.9491,0.0,0.0,0.0,94.91,1,1.0,1,0.0021306688329651323,1
E294G,Unknown,E,G,294,,13.430039419999998,9.00751159,56.88741226,200.5444,87.55109999999999,0.361870397,0.677852,4.4898,74.021836,0.8680279999999999,28.4354,7.236060999999999,0.7483,9.7279,0.0,117.55792999999998,289.419991,44.733374,8.762593,5.552385999999999,7.984361,34.12248,0.89796,37.070782,0.0,0.0,-1.4966,0.7483,2.31973,58.59189000000001,53.929981000000005,0.0,0.0,0.0,0.0,74.83,-1,1.0,1,-0.007592303983181496,0
E326N,Unknown,E,N,326,,26.461471380000003,21.892566,69.2041899,284.61060000000003,262.88460000000003,0.0937274124,0.214963,4.3452,71.63786400000001,0.840072,38.3826,9.769458,3.621,12.3114,0.0,165.76938,299.08011600000003,22.138794,0.043452,0.014484,0.420036,23.000592000000005,-0.10863,26.317428000000003,0.0,0.0,0.0,0.7242000000000001,0.0,17.59806000000001,10.877484000000008,0.0,0.0,0.0,0.0,72.42,-1,8.2461385e-15,0,-0.00828055976419033,0
E339D,Unknown,E,D,339,,12.29774846,10.21280327,33.41917903,267.0091,151.614,0.3311148684,0.586597,5.896100000000001,83.168702,0.977068,36.218900000000005,9.214762,4.2115,13.4768,0.0,-210.49077000000003,256.22766,36.042017,3.3439310000000004,2.248941,5.230683,24.536199,-0.218998,21.562880000000003,0.0,0.0,1.6846,0.0,0.0,22.99479000000001,11.817469,0.0,0.0,0.0,0.0,84.23,-1,4.683579e-17,0,-0.010737852936714351,0
E352D,Unknown,E,D,352,,14.14223998,10.97854428,47.83553962,258.115,151.6922,0.3042191042,0.598485,1.5884,79.134088,0.309738,32.562200000000004,8.283506,3.1768,6.3536,0.0,-163.52578,294.13991200000004,36.795286,3.383292,4.24897,5.392618000000001,19.148162,-0.381216,7.878464,0.0,0.0,1.5884,0.0,0.0,21.681660000000008,11.142626000000002,0.0,0.0,0.0,0.0,79.42,-1,2.2123086e-08,0,-0.00997226953081697,0
E56D,Benign,E,D,56,,8.308101119999998,6.822863519999999,20.84293464,97.3104,80.7576,0.0442085159999999,0.298413,1.0032,24.899424,0.1931159999999999,12.0384,3.062268,0.2507999999999999,2.508,0.0,-69.52175999999999,87.06020399999998,7.777308,0.0652079999999999,0.0075239999999999,0.2156879999999999,5.670588,0.0,6.473147999999999,0.0,0.0,0.5015999999999999,0.0,0.0,6.846840000000002,3.518724,0.0,0.0,0.0,0.0,25.08,0,2.4054724e-08,0,-0.006644139362688203,0
F113N,Unknown,F,N,113,,28.26793728,23.28133632,70.17981696,328.6272,319.3344,0.1029126912,0.12802,4.224,83.71968,0.650496,36.3264,9.242112,3.3792,14.3616,0.0,8.448,299.10144,25.884672,0.067584,0.033792,0.46464,38.14272,9.689856,18.146304,0.0,0.0,-2.5344,0.0,5.32224,64.03584000000001,27.94598400000001,0.8448,0.0,0.0,0.0,84.48,-1,1.0,1,-0.0016688897295461893,1
F270L,Likely Oncogenic,F,L,270,,33.99598008,27.67927176,88.10475480000001,384.696,341.2944,0.153424656,0.228595,5.9184,97.574688,0.946944,55.238400000000006,14.0562,4.932,18.7416,0.0,-246.99456,290.05092,30.52908,0.14796,0.039456,0.8976240000000001,35.678088,-0.19728,36.10224,0.0,0.0,0.0,0.0,0.9864,22.884480000000018,33.55732800000001,0.9864,0.0,0.0,0.0,98.64,1,1.0,1,0.002519815916820279,1
F341K,Unknown,F,K,341,,28.880553870000004,24.59338903,69.25381834,314.7368,301.8904,0.0810238506,0.098627,3.2116,79.71191200000001,0.618233,34.5247,8.783726,4.8174,9.6348,0.0,42.553700000000006,323.624903,24.48845,0.056203,0.016058,0.353276,38.21001100000001,11.031846000000002,21.718445000000003,0.0,0.0,-2.4087,0.8029000000000001,5.37943,17.10177000000001,15.263129000000015,0.0,0.0,0.0,0.0,80.29,-1,0.9999703,1,-0.010610355953259484,0
F54S,Unknown,F,S,54,,7.79633764,5.48379881,23.900865130000003,101.1503,50.4431,0.0837838763,0.49046,2.641,25.931979,0.509713,15.846,4.032807,1.3205,3.1692,0.0,-73.07647,98.506659,9.763777,0.63384,0.21128,1.008862,11.020893,0.549328,16.184048,0.0,0.0,-0.5282,0.0,0.95076,26.64769,15.872410000000002,0.0,0.0,0.0,0.0,26.41,-1,0.046660744,0,-0.006784898477753122,0
G108L,Unknown,G,L,108,,25.5709404,20.84105376,76.11338592000001,366.9408,309.7296,0.2124636552,0.300911,9.864,96.854616,1.903752,59.184000000000005,15.062328,3.9456,13.8096,0.0,344.35224000000005,361.95948,33.951888000000004,2.9394720000000003,0.078912,1.351368,36.506664,-15.73308,54.62683200000001,0.0,0.0,-3.9456,0.0,4.142880000000001,105.15024,55.346904,0.9864,0.0,0.0,0.0,98.64,-1,1.0,1,0.0029219717101096553,1
G187T,Unknown,G,T,187,,19.11390048,14.68041468,61.84960596,332.4288,210.6012,0.3087253044,0.495243,2.8332,93.930024,0.547752,42.498,10.81338,3.7776,15.1104,0.0,-340.4562,266.46246,40.127556000000006,3.484836,2.918196,5.496408000000001,17.04642,0.0,9.104016,0.0,0.0,-1.8888,0.0,0.2833199999999999,52.8864,41.60082,0.9444,0.0,0.0,0.9444,94.44,-1,1.0,1,0.0007747460562599287,1
G244C,Likely Oncogenic,G,C,244,,19.04414328,13.19054097,60.10369758,278.5743,136.8939,0.4368303495,0.667417,5.7438,94.696116,1.110468,38.292,9.745314,0.0,7.6584,0.0,-297.7203,281.647233,52.833387,8.740149,6.117147,9.362394,32.663076,-5.351307,23.252817,0.0,0.0,-2.8719,0.0,2.77617,46.33332,44.121957,0.9573,0.0,0.0,0.9573,95.73,1,1.0,1,0.001946275695674053,1
G245D,Unknown,G,D,245,,27.1847714,23.986478570000003,61.35544986,330.9656,312.391,0.0953248472,0.116978,7.598700000000001,83.062234,1.460639,27.8619,7.09212,0.0,1.6886,0.43464564,-95.82805,294.365195,26.620779,0.498137,0.059101,0.7851990000000001,41.134296,2.152965,35.41838500000001,102.18909063,66.46211398,-0.8443,0.8443,2.6173300000000004,43.05929999999999,49.003172000000006,0.8443,0.0,0.0,0.8443,84.43,-1,1.0,1,-0.0008181172594664509,1
G245S,Likely Oncogenic,G,S,245,,31.789398960000003,26.21548908,72.64432813,373.0749,360.734,0.1292272597,0.205182,8.543700000000001,93.392134,1.4619220000000002,39.8706,10.148017,0.0,2.8479,0.46183445,-305.6746,276.777908,29.608667,0.351241,0.047465,1.072709,34.715901,1.642289,31.754085000000003,192.76561744,-24.02440975,0.0,0.0,0.37972,27.43477,28.507479000000004,0.9493,0.0,0.0,0.9493,94.93,1,1.0,1,0.002894734713489274,1
G266V,Unknown,G,V,266,,26.2325052,20.9763549,71.6715639,343.791,274.455,0.235194453,0.403985,11.556,94.21029,2.22453,62.595,15.928019999999998,0.0,17.334,0.0,-165.15449999999998,335.47068,32.616809999999994,2.1186000000000003,0.0963,1.97415,47.31219,-15.022799999999998,78.46524,0.0,0.0,-2.889,0.0,4.4298,76.9437,40.52304,0.963,0.0,0.0,0.0,96.3,-1,1.0,1,0.005728797060594158,1
G302R,Unknown,G,R,302,,13.015344,10.438996,35.882499679999995,164.9536,162.008,0.0583220384,0.168476,2.104,41.70128,0.324016,18.0944,4.603552,0.8416,2.104,0.0,124.68304,165.765744,12.926976,0.029456,0.046288,0.265104,13.503472000000002,0.0,15.153008,0.0,0.0,-0.8416,0.4208,1.72528,47.676640000000006,41.718112,0.0,0.0,0.0,0.0,42.08,-1,4.2139454e-05,0,-0.006088128809463017,0
H179Q,Likely Oncogenic,H,Q,179,,31.39588258,27.0454035,73.83134236,382.3568,376.5044,0.1054885346,0.112673,11.7048,95.423382,2.253174,34.139,8.690814000000001,0.0,3.9016,0.0,-65.93704,310.255232,29.964288,0.068278,0.126802,0.555978,42.937108,3.716274,51.686446,0.0,0.0,0.0,0.09754,0.2926199999999998,9.168759999999978,8.788353999999991,0.9754,0.9754,0.0,0.9754,97.54,1,1.0,1,0.0023398118737866652,1
H179R,Likely Oncogenic,H,R,179,,30.00587084,23.78301706,82.52157672,375.9074,362.4478,0.1424227574,0.167334,8.6526,94.582532,1.480556,51.915600000000005,13.209636,4.807,17.3052,0.64327274,174.01340000000002,439.821272,29.688032,0.086526,0.124982,0.67298,44.60896,4.9127540000000005,42.138162,214.3859509,86.34679504,0.0,0.86526,1.24982,19.420280000000016,18.31467000000001,0.9614,0.9614,0.0,0.9614,96.14,1,1.0,1,0.001571765465117008,1
H193R,Likely Oncogenic,H,R,193,,22.20364524,17.13314988,66.24966488,342.02,247.2316,0.2917616267999999,0.449283,11.7264,95.599476,2.257332,46.9056,11.931612,0.9772,11.7264,0.55436556,68.20855999999999,326.160044,43.612436,7.944636,1.36808,4.993492,43.270416,5.08144,34.123824,-211.37197564,41.22142304,0.0,0.8794799999999999,1.2703599999999995,19.739440000000016,18.61566000000001,0.9772,0.0,0.0,0.9772,97.72,1,1.0,1,0.001448310885527397,1
H380R,Unknown,H,R,380,,9.6897012,8.208134040000001,23.999576540000003,122.5394,117.525,0.0402803618,0.142557,1.8804,31.001528,0.300864,15.3566,3.908098,1.2536,4.3876,0.0,-3.4474,96.878208,9.781214,0.10969,0.021938,0.310266,9.11994,0.0,11.451636,0.0,0.0,0.0,0.28206,0.4074199999999999,6.330680000000005,5.970270000000004,0.0,0.0,0.0,0.0,31.34,-1,2.4845443e-08,0,-0.0064248185177733985,0
I195T,Unknown,I,T,195,,32.1778497,26.37624435,87.32834055,378.5955,342.021,0.1542425745,0.233228,14.8275,96.171165,2.66895,45.471,11.565449999999998,1.977,10.8735,0.3226464,249.2997,440.51514,34.38003,3.91446,0.049425,0.919305,66.338235,19.305405,59.66586,-157.14589784999998,-161.77553759999998,-0.9885,0.0,5.1402,50.01809999999999,11.921310000000002,0.9885,0.0,0.0,0.9885,98.85,-1,1.0,1,0.00035593535555810524,1
I251F,Likely Oncogenic,I,F,251,,26.41178346,20.63156494,70.27735948,372.8602,255.788,0.2480327046,0.378361,6.8866,97.140412,1.32813,51.1576,13.015674,3.9352,11.8056,0.0,-184.56088,363.297664,34.895386,2.941562,0.19676,2.252902,41.76231000000001,-2.666098,56.843964,0.0,0.0,0.0,0.0,1.6724600000000005,22.824160000000017,33.46887600000001,0.9838,0.0,0.0,0.0,98.38,1,1.0,1,0.000874116961781801,1
K132R,Benign,K,R,132,,17.521618160000003,12.4788817,46.09942590000001,211.0468,142.99900000000002,0.476921389,0.734413,3.9448,97.909936,0.5719960000000001,56.21340000000001,14.2999,5.9172,9.862,0.3343218,-114.00472,404.401172,48.678832,6.548368,4.635140000000001,7.968496000000001,32.948942,-4.940862,40.167926,-184.31644072,162.50988218,1.9724,0.0,0.5917200000000001,4.733760000000012,27.63332400000001,0.9862,0.0,0.0,0.0,98.62,0,8.6994e-41,0,-0.007172783507826385,0
K164E,Likely Oncogenic,K,E,164,,35.23403058,29.3393817,71.59084677,383.0232,351.756,0.1324625156999999,0.195454,6.8397,96.478854,1.133436,38.1069,9.692832,0.0,2.9313,0.0,-393.18504,278.229225,30.153306,0.254046,0.009771,0.635115,38.331633,-2.706567,24.632691,0.0,0.0,0.9771,1.9542,0.3908399999999999,29.508419999999987,0.9282450000000166,0.9771,0.0,0.0,0.9771,97.71,1,1.0,1,0.0021475945342809,1
K292R,Unknown,K,R,292,,22.8350241,19.70584245,49.07120239,351.89840000000004,295.74440000000004,0.1918744744,0.302848,9.359,91.896021,1.619107,34.6283,8.806819,0.0,5.6154,0.0,-331.68296,312.440856,33.289963,2.2180830000000005,0.290129,2.71411,32.822013000000005,-1.7033380000000002,33.888939,0.0,0.0,1.8718,0.0,0.5615400000000002,4.492320000000011,26.22391800000001,0.9359,0.0,0.0,0.0,93.59,-1,1.0,1,-0.0010753105918610796,1
K319T,Unknown,K,T,319,,8.584736,6.6476185,28.166482,107.675,91.155,0.06659684,0.378313,2.065,29.1283,0.3421999999999999,10.915,2.77595,0.295,1.77,0.0,-20.178,109.99665,10.4843,0.35105,0.49265,0.7965,7.83225,0.0,6.127149999999999,0.0,0.0,-0.295,0.295,0.944,15.4875,7.985649999999998,0.0,0.0,0.0,0.0,29.5,-1,4.5722987e-05,0,-0.0068504464306424736,0
K372S,Unknown,K,S,372,,10.50195385,8.8863099,24.4875325,123.9915,123.9915,0.035293723,0.157871,3.155,30.978945,0.545815,11.989,3.050885,1.262,5.048,0.0,-15.86965,147.398445,9.67323,0.041015,0.009465,0.20192,10.054985,0.0,12.225625,0.0,0.0,0.0,0.3155,0.97805,25.1138,12.963894999999996,0.0,0.0,0.0,0.0,31.55,-1,8.59519e-08,0,-0.007610262053160016,0
K382R,Unknown,K,R,382,,8.76568595,7.447168049999999,20.570494,107.55849999999998,104.24049999999998,0.0343238804999999,0.134004,1.9355,27.30161,0.3207399999999999,9.954,2.5327399999999995,0.0,1.6589999999999998,0.2572832499999999,52.59029999999999,96.34642499999998,8.607444999999998,0.0801849999999999,0.0138249999999999,0.2267299999999999,7.736469999999999,0.0,11.477515,55.3258251,15.136577749999995,0.5529999999999999,0.0,0.1659,1.327200000000003,7.747530000000002,0.0,0.0,0.0,0.0,27.65,-1,8.711067e-12,0,-0.006864192847473995,0
L130F,Likely Oncogenic,L,F,130,,18.05680128,14.16280656,52.10604,346.8864,169.54559999999998,0.3467529071999999,0.541331,1.9488,97.089216,0.3800159999999999,45.7968,11.653824,0.9744,9.744,0.0,96.66048,332.192448,35.555856,1.295952,1.529808,3.566304,31.784927999999997,-0.038976,20.189568,0.0,0.0,0.0,0.0,0.9744,22.606080000000016,33.149088000000006,0.9744,0.0,0.0,0.0,97.44,1,0.9999994,1,-0.0005256022850791437,1
L14V,Benign,L,V,14,,5.55195368,4.8076932800000005,16.183964160000002,115.7416,88.01520000000001,0.0936307632,0.422392,1.2896,32.007872,0.248248,14.8304,3.77208,1.2896,4.836,0.0,-88.66000000000001,76.38945600000001,13.698776000000002,1.83768,0.5964400000000001,1.602328,8.356608000000001,0.6028880000000001,3.5109360000000005,0.0,0.0,0.3224,0.0,0.1289600000000001,8.608079999999998,4.523272,0.0,0.0,0.0,0.0,32.24,0,1.8258361e-10,0,-0.006068879654120963,0
L194R,Unknown,L,R,194,,31.21699635,26.6566428,70.52021955,372.204,359.8605,0.1154031795,0.147928,5.697,93.92454,0.91152,43.677,11.10915,3.798,20.889,0.47351565,-317.3229,344.47860000000003,29.538945,0.389295,0.028485,0.750105,56.381310000000006,19.474245000000003,25.589025,163.62894915,18.03299895,-1.899,0.9495,7.880850000000001,6.361650000000016,40.856985,0.9495,0.0,0.0,0.9495,94.95,-1,1.0,1,-0.0011600978733917484,1
L22F,Unknown,L,F,22,,13.11785745,11.66030285,29.207574250000004,175.4745,173.242,0.050559874,0.129428,2.6790000000000003,44.16778,0.4286399999999999,25.897,6.59034,2.2325,5.8045,0.99225695,131.3603,218.673375,13.944195,0.129485,0.049115,0.406315,16.408875000000002,0.11609,22.525925,57.555010900000006,21.4246774,0.0,0.0,0.4465,10.358800000000008,15.189930000000006,0.0,0.0,0.0,0.0,44.65,-1,6.621821e-28,0,-0.007391505514881663,0
L25V,Benign,L,V,25,,16.8342932,14.1013229,42.9721109,215.639,190.801,0.0955800109999999,0.265621,2.8225,55.94195,0.54192,24.2735,6.17563,3.387,5.0805,0.0,-138.4154,195.45248,20.5478,2.895885,0.0508049999999999,0.7903,15.60278,1.021745,12.37384,0.0,0.0,0.5645,0.0,0.2258000000000002,15.072149999999992,7.919935000000001,0.0,0.0,0.0,0.0,56.45,0,3.6036165e-20,0,-0.007635959064903991,0
L344R,Unknown,L,R,344,,18.18808383,14.5002735,43.97305533,280.9101,195.5907,0.2424382946999999,0.48365,9.6588,78.74336699999999,1.706388,49.0989,12.492048,3.2196,13.6833,1.99832523,79.92657,345.438933,29.692761,2.302014,0.426597,2.825199,42.321642,10.471749,35.319012,-110.2109325,16.00503405,-1.6098,0.8049,6.68067,5.392830000000013,34.634847,0.0,0.0,0.0,0.0,80.49,-1,3.0834412e-13,0,-0.011743725167173515,0
M237I,Likely Oncogenic,M,I,237,,19.39867079,15.7542068,47.53338968,340.4294,240.0716,0.3111800208,0.444553,3.9356,97.681592,0.757603,33.4526,8.510735,3.9356,10.8229,0.45771028,-92.68338,311.345316,35.705731,3.197675,0.255814,2.774598,29.822009,-3.699464,16.244189000000002,-195.10746839,89.91970329,0.9839,0.0,2.55814,3.738819999999983,17.74955599999999,0.9839,0.0,0.0,0.9839,98.39,1,0.99992955,1,-0.00014511838318882427,1
M40N,Unknown,M,N,40,,5.5596687,4.45119108,15.45959952,74.11919999999999,60.1698,0.0518528346,0.391525,1.4574,20.557668,0.2415119999999999,10.2018,2.596254,1.041,2.4984,0.0,20.17458,64.972974,7.71381,0.922326,0.039558,0.514254,7.801253999999999,0.857784,8.604906,0.0,0.0,-0.4164,0.0,1.12428,10.160160000000005,3.560219999999999,0.0,0.0,0.0,0.0,20.82,-1,3.791586e-08,0,-0.006651165601372788,0
N210S,Unknown,N,S,210,,31.70052345,27.241092450000004,70.59393320000001,377.9015,353.73900000000003,0.1220853805,0.142405,7.732,95.25824,1.304775,40.593,10.331885,3.866,8.698500000000001,0.0,101.96575,361.02641000000006,30.299775000000004,0.5799,0.03866,0.821525,40.312715,-0.1739699999999999,42.825615000000006,0.0,0.0,0.9665,0.0,2.60955,24.259149999999995,26.11483,0.9665,0.0,0.0,0.0,96.65,-1,1.0,1,-0.0018290982344939773,1
N239D,Unknown,N,D,239,,21.74761375,17.43767,65.14646125000002,347.6,264.65000000000003,0.282608675,0.40138,11.85,96.607125,2.0935,37.525,9.549125,3.95,8.887500000000001,0.44822625,-69.7175,336.35237500000005,36.5375,3.742625,0.25675,2.932875,42.531625000000005,1.017125,42.20575,-175.86417125000003,74.8266275,0.9875,0.9875,0.0,2.9625000000000004,0.9776250000000092,0.9875,0.0,0.0,0.9875,98.75,-1,1.0,1,0.0010806109627077634,1
N247D,Unknown,N,D,247,,30.24616829,22.02273209,121.41955696,363.0591,297.1378,0.2335621176,0.347118,8.8551,96.796082,1.702147,42.3077,10.763866,0.9839,9.839,0.30363154,-273.22903,316.392723,37.270132,5.362255,0.157424,2.26297,35.961544999999994,0.600179,24.764763,-271.16736594,-145.12485643999997,0.9839,0.9839,0.0,2.9517,0.974061000000009,0.9839,0.0,0.0,0.9839,98.39,-1,1.0,1,0.002783107341969423,1
N29S,Unknown,N,S,29,,11.5239492,9.684712800000002,28.11238092,136.5372,131.9976,0.0432801972,0.141356,2.4444,34.480008,0.405072,20.6028,5.241492,1.746,5.9364,0.0,53.4276,155.100672,10.741392,0.055872,0.010476,0.219996,11.705184,0.0,18.360936,0.0,0.0,0.3492,0.0,0.94284,8.764919999999998,9.435384,0.0,0.0,0.0,0.0,34.92,-1,5.027885e-12,0,-0.0075420889601131545,0
N345S,Unknown,N,S,345,,25.25209261,22.62575987,53.45506015,299.1909,287.0101,0.0736808978999999,0.097263,5.3291,75.170762,0.8831079999999999,36.5424,9.295473,3.8065,11.4195,0.83468932,-86.86433,270.840088,23.417588,0.121808,0.053291,0.464393,23.859142,-0.30452,20.052642,135.85817215,30.1375831,0.7613,0.0,2.05551,19.108629999999994,20.570326,0.0,0.0,0.0,0.0,76.13,-1,2.6532163e-23,0,-0.010373799556726794,0
P152L,Likely Oncogenic,P,L,152,,26.880174,21.0363156,88.5648492,361.584,313.956,0.205645068,0.318862,4.859999999999999,96.3252,0.93312,33.048,8.4078,3.888,8.748,0.0,-371.0124,360.91332,39.63816,7.71768,0.2915999999999999,2.54664,33.922799999999995,-4.383719999999999,24.55272,0.0,0.0,-2.916,0.0,5.2488,52.48799999999999,15.590879999999991,0.972,0.0,0.0,0.0,97.2,1,1.0,1,0.001093833230055026,1
P250L,Likely Oncogenic,P,L,250,,32.71586136,26.0875215,90.7239477,379.4022,322.4436,0.1627065852,0.275141,7.7232,95.149824,1.486716,49.2354,12.530892,0.9654,10.6194,0.0,90.65106000000002,393.728736,30.12048,0.154464,0.057924,1.01367,35.372256,-19.616928,60.945702,0.0,0.0,-2.8962000000000003,0.0,5.21316,52.13159999999999,15.485015999999993,0.9654,0.0,0.0,0.9654,96.54,1,1.0,1,0.002352198076588659,1
P278R,Likely Oncogenic,P,R,278,,16.15098485,11.91585967,61.95413406,278.473,158.9991,0.3648553246,0.607503,12.5762,87.557301,2.4254100000000003,41.3218,10.51011,3.5932,13.4745,0.0,-260.32734,246.85284,47.043971,8.381139,3.781843,8.057751,39.516217000000005,1.7247359999999998,32.365749,0.0,0.0,-1.7966,0.8983,2.60507,54.526810000000005,53.062581,0.8983,0.0,0.0,0.0,89.83,1,1.0,1,0.0004616123377363217,1
P278S,Likely Oncogenic,P,S,278,,34.98833822,29.5926677,84.37423026,376.4154,371.6264,0.0974781794,0.126616,2.8734,95.262788,0.5555239999999999,43.101,10.96681,3.8312,8.6202,0.74785024,-783.86352,292.28224800000004,29.528974,0.19156,0.019156,0.67046,30.228168,1.187672,17.048840000000002,197.82995036,-11.3695649,-0.9578,0.0,0.76624,22.69986,9.616312000000006,0.9578,0.0,0.0,0.0,95.78,1,1.0,1,-5.597149667219508e-05,1
P34L,Benign,P,L,34,,9.79892054,7.60888628,36.19005358,116.356,99.2088,0.05859137,0.284584,2.1434,30.234188,0.41337,15.310000000000002,3.894864000000001,1.2248,3.3682000000000003,0.0,-2.6945600000000005,109.75432800000002,11.118122,1.549372,0.027558,0.407246,10.34956,0.0,13.509544,0.0,0.0,-0.9186,0.0,1.6534800000000005,16.534799999999997,4.911447999999998,0.0,0.0,0.0,0.0,30.62,0,2.4917531e-08,0,-0.006008089141811979,0
P36G,Unknown,P,G,36,,5.02737504,4.0039053,23.2826848,93.9484,68.1384,0.0750097963,0.416792,2.581,25.342839,0.498133,14.7117,3.74245,0.0,2.581,0.0,13.31796,77.690681,10.406592,0.702032,0.779462,1.205327,7.38166,0.0,10.708569,0.0,0.0,-0.5162,0.0,0.30972,13.57606,10.342067000000002,0.0,0.0,0.0,0.0,25.81,-1,0.00073375006,0,-0.005313319475889392,0
P47S,Benign,P,S,47,,6.666317799999999,4.7358432,16.871773599999997,85.164,46.206,0.132670412,0.674041,1.812,29.87384,0.3503199999999999,14.496,3.68742,1.812,5.134,0.5682733999999999,-3.5032,95.50448,15.46542,2.69686,1.06002,2.65458,9.64286,0.0724799999999999,11.73572,-37.3172944,35.8892874,-0.302,0.0,0.2416,7.157400000000001,3.032080000000002,0.0,0.0,0.0,0.0,30.2,0,1.2793383e-20,0,-0.006649919226123819,0
P71V,Unknown,P,V,71,,7.7002508,5.772492000000001,31.17652736,132.44,74.92320000000001,0.1302044128,0.520759,1.892,37.49944,0.291368,21.9472,5.585184,2.2704,6.0544,0.0,-12.71424,170.030256,16.471752000000002,2.172016,0.734096,2.2476960000000004,12.683968000000002,0.0,15.813336,0.0,0.0,-0.7568,0.0,2.19472,10.33032,0.7605839999999966,0.0,0.0,0.0,0.0,37.84,-1,9.975745e-13,0,-0.00869714632893697,0
P72R,Benign,P,R,72,,13.85735655,11.3062935,38.79084476999999,146.86409999999998,137.1479,0.0494715270999999,0.215874,3.3633,36.76460599999999,0.575498,24.6642,6.274423,1.4948,6.7266,0.61148531,53.21488,180.474678,11.382902,0.007474,0.026159,0.160691,12.115354,0.0,15.426336,76.52606177999999,-38.935803,-0.7474,0.3737,1.08373,22.68359,22.074459,0.0,0.0,0.0,0.0,37.37,0,7.303157e-10,0,-0.006954832879498685,0
P85S,Unknown,P,S,85,,14.652366,12.3082528,51.3198108,168.204,166.92,0.04429586,0.128747,3.852,42.10664,0.65912,27.392,6.967840000000001,2.14,7.276,0.0,-81.8764,151.1696,13.23376,0.09844,0.03424,0.35096,12.71588,0.0,19.92768,0.0,0.0,-0.428,0.0,0.3424,10.1436,4.297120000000002,0.0,0.0,0.0,0.0,42.8,-1,1.0677731e-10,0,-0.005887963470790093,0
Q331R,Unknown,Q,R,331,,24.899517679999995,22.3613292,51.09013048,341.7528,330.448,0.1023162664,0.135007,8.696,85.38602399999999,1.504408,40.8712,10.400416,3.4784,9.5656,0.0,299.22936,311.568984,27.766328,0.339144,0.295664,1.0522159999999998,30.575135999999997,0.0,49.54980799999999,0.0,0.0,0.8695999999999999,0.8695999999999999,0.8695999999999999,25.740159999999992,24.400976,0.0,0.0,0.0,0.0,86.96,-1,0.9999999,1,-0.009398027324014749,0
Q375H,Unknown,Q,H,375,,11.36816508,8.237205639999999,43.47763396,123.6152,106.788,0.060814148,0.270784,1.9416,32.010512,0.375376,13.5912,3.459284,1.618,3.236,0.0,57.66552,110.496456,10.351964,0.398028,0.012944,0.236228,8.55922,0.0,11.90848,0.0,0.0,0.0,0.03236,0.0970799999999999,3.0418399999999925,2.915635999999997,0.0,0.0,0.0,0.0,32.36,-1,8.6581645e-11,0,-0.006515602491211021,0
Q5T,Unknown,Q,T,5,,9.72277344,7.57302117,29.37956934,122.5854,107.9919,0.0610614741,0.282312,0.9729,32.254878,0.1880939999999999,11.0262,2.805195,1.2972,2.9187,0.0,-127.28775,92.860062,11.305098,1.177209,0.025944,0.3924029999999999,7.407011999999999,0.0,5.457968999999999,0.0,0.0,-0.3243,0.0,0.9080399999999998,8.983110000000005,8.765829,0.0,0.0,0.0,0.0,32.43,-1,3.4579656e-08,0,-0.006487131282384284,0
R110P,Likely Oncogenic,R,P,110,,31.27110326,25.60818023,75.14742421,384.4703,320.5558,0.1674815558,0.269408,7.8664,96.914048,1.327455,49.165,12.507576,3.9332,18.6827,0.0,-180.33722,394.362298,30.787123,0.363821,0.0294989999999999,1.022632,42.449061,-0.698143,38.407698,0.0,0.0,-1.9666,0.9833,2.85157,59.68631,58.083531,0.9833,0.0,0.0,0.0,98.33,1,1.0,1,0.0021536434792686597,1
R156H,Likely Oncogenic,R,H,156,,31.92793335,27.4252824,91.83963195,385.3305,383.3595,0.1080443069999999,0.149057,5.912999999999999,97.48566,0.94608,36.4635,9.273555,4.927499999999999,9.855,0.0,-237.5055,359.697645,30.57021,0.15768,0.088695,0.8278199999999999,33.78294,-2.79882,20.094345,0.0,0.0,0.0,0.8869499999999999,1.2811499999999998,19.90710000000001,18.77377500000001,0.9855,0.0,0.0,0.0,98.55,1,1.0,1,0.0008477302009362447,1
R158H,Likely Oncogenic,R,H,158,,32.934482450000004,27.94030741,80.23027443000001,385.4869,380.5574,0.1088749088,0.139947,6.9013,97.347766,1.143644,41.4078,10.539271,3.9436,17.7462,0.58030074,-261.2635,308.478251,30.079809,0.059154,0.019718,0.453514,35.167053,-3.894305,26.382684,207.4373036,19.32334423,0.0,0.88731,1.28167,19.915180000000017,18.78139500000001,0.9859,0.0,0.0,0.0,98.59,1,1.0,1,-0.00021687569102815232,1
R158L,Likely Oncogenic,R,L,158,,31.78308705,27.76751406,73.44037701,386.7864,374.946,0.1096687449,0.122879,5.9202,97.604364,0.947232,38.4813,9.788064,0.0,10.8537,0.81027804,-228.81573,263.754777,30.715971,0.473616,0.049335,0.828828,27.311856,-26.098215,21.924474,176.5985793,61.95025551,-1.9734,0.9867,8.18961,6.610890000000017,42.457701,0.9867,0.0,0.0,0.0,98.67,1,1.0,1,0.0023109715176747986,1
R175C,Unknown,R,C,175,,25.294876960000003,20.62708048,70.11184023999999,355.8489,299.97180000000003,0.2288382911,0.359592,8.822700000000001,96.441914,1.509662,46.0741,11.724388,3.9212,16.665100000000002,0.38202291,-403.49148,250.535271,38.917910000000006,6.813085000000001,0.225469,2.489962,35.918192000000005,-14.851545000000002,21.007829,-160.79498189,-0.8672714100000001,-2.9409,0.9803,6.862100000000001,63.62147000000001,52.004915,0.9803,0.0,0.0,0.9803,98.03,-1,1.0,1,0.0028309036628498155,1
R175G,Unknown,R,G,175,,30.24930675,23.12894415,93.8624907,360.4413,319.03290000000004,0.1678244808,0.264122,7.5288,92.754816,1.449294,34.8207,8.855751,0.9411,8.4699,0.5110173,20.32776,288.804768,33.69138,4.065552,0.084699,1.31754,40.476711,-0.696414,24.732108000000004,-237.56206122000003,-131.94137301,-1.8822,0.9411,3.85851,106.62663000000002,93.300654,0.9411,0.0,0.0,0.9411,94.11,-1,1.0,1,0.004665431494683217,1
R175H,Likely Oncogenic,R,H,175,,27.18403292,22.73679484,69.27756122,331.9726,325.9988,0.104063596,0.136948,6.8272,84.11110400000001,1.3142360000000002,34.136,8.687612,0.8534,8.534,0.52065934,297.4099,406.320808,26.020166,0.076806,0.034136,0.477904,35.620916,-5.188672,43.873294,170.2963967,54.603518900000005,0.0,0.7680600000000001,1.10942,17.238680000000016,16.25727000000001,0.8534,0.0,0.0,0.8534,85.34,1,1.0,1,-0.0002268746989229445,1
R196Q,Likely Oncogenic,R,Q,196,,32.54863095,25.169654070000004,106.04515383000002,373.4181,329.3136,0.1648577205,0.26092,11.7612,95.883183,2.077812,48.0249,12.221847000000002,3.9204,16.6617,0.0,-6.664680000000001,391.45194,33.71544,3.3225390000000004,0.049005,0.950697,57.874905000000005,0.245025,41.497434000000005,0.0,0.0,0.9801,0.9801,0.9801,29.01096,27.50160600000001,0.9801,0.0,0.0,0.0,98.01,1,1.0,1,0.0011454250867969033,1
R213Q,Likely Oncogenic,R,Q,213,,7.977691119999999,6.13909779,28.26153974,174.762,62.1376,0.6255139758,0.770854,3.8836,96.390952,0.747593,47.5741,12.107123,0.9709,10.6799,0.8081771600000001,169.9075,423.525998,63.09879099999999,10.427466,12.42752,11.184768,42.806981,1.5534400000000002,42.874944,-179.23600429,261.17879921,0.9709,0.9709,0.9709,28.738639999999997,27.243454000000003,0.9709,0.0,0.0,0.0,97.09,1,1.0,1,0.0006487113634709442,1
R248G,Likely Oncogenic,R,G,248,,29.50222136,26.07332748,66.5878202,384.9828,364.4112,0.1171699559999999,0.14728,7.836799999999999,96.549376,1.32246,52.8984,13.459704,5.877599999999999,13.7144,0.0,164.47484,332.3293,31.964348,1.293072,0.0979599999999999,1.204908,52.046148,-1.2342959999999998,60.34336,0.0,0.0,-1.9592,0.9796,4.01636,110.98868,97.117544,0.9796,0.0,0.9796,0.9796,97.96,1,1.0,1,0.001993996758339175,1
R248L,Unknown,R,L,248,,21.14168848,17.85947844,76.88738276000001,367.05,312.2372,0.2270062323999999,0.335275,5.8728,96.822896,0.939648,53.834,13.693412,3.9152,16.6396,0.26339508,-154.25888,304.690652,36.36242,1.693324,2.182724,3.200676,55.272836,-10.91362,18.528684,-93.06910012,58.49416468,-1.9576,0.9788,8.12404,6.557960000000016,42.117764,0.9788,0.0,0.9788,0.9788,97.88,-1,1.0,1,0.00514063670231082,1
R248Q,Likely Oncogenic,R,Q,248,,21.7947632,18.27334544,55.16210175,364.3591,272.0417,0.2462920200999999,0.362626,9.821,96.432399,1.699033,44.1945,11.245045,1.9642,5.8926,0.42073164,-348.25266,263.2028,35.709156,2.690954,0.353556,3.231109,41.47408299999999,-0.19642,35.502914999999994,-124.63389155,52.74623396,0.9821,0.9821,0.9821,29.070159999999994,27.557726,0.9821,0.0,0.9821,0.9821,98.21,1,1.0,1,-9.640632434380046e-05,1
R248W,Likely Oncogenic,R,W,248,,31.8998172,25.1123994,96.2548578,368.706,285.576,0.21251451,0.363863,3.912,97.09584,0.75306,40.098,10.20054,3.912,9.78,0.3653808,-564.6972,240.06966,32.53806,1.06602,0.1173599999999999,2.07336,34.24956,-7.3839,17.78004,138.3149214,-64.84599659999999,-2.934,0.978,3.5208,53.2032,29.35956000000001,0.978,0.0,0.978,0.978,97.8,1,1.0,1,0.002113217425979461,1
R249G,Unknown,R,G,249,,31.451903400000003,26.2087722,83.9782476,341.508,311.112,0.1239960119999999,0.219786,5.364,88.43448000000001,1.03704,43.806,11.14818,3.576,12.516,0.3168336,-267.5742,241.0671,31.05756,3.56706,0.03576,0.90294,35.8941,-0.84036,23.53008,-80.7754926,-232.2295524,-1.788,0.894,3.6654,101.2902,88.63116000000001,0.894,0.0,0.0,0.894,89.4,-1,1.0,1,0.0016151236639451684,1
R249S,Likely Oncogenic,R,S,249,,33.377038070000005,25.537452540000004,111.01591888000002,375.6166,322.09610000000004,0.1673410877,0.267452,11.6772,95.198373,2.2478610000000003,39.8971,10.149433,4.865500000000001,10.7041,0.54289249,-211.74656,336.06981600000006,30.496954,0.7882110000000001,0.009731,0.574129,42.689897,0.214082,36.919414,-190.53949977,-185.89469885000003,-0.9731,0.9731,3.6004700000000005,82.12964000000001,67.25094100000001,0.9731,0.0,0.0,0.9731,97.31,1,1.0,1,0.0008713420790634128,1
R249T,Likely Oncogenic,R,T,249,,16.24296282,12.99889465,52.69821893,308.7462,215.5398,0.3610379031,0.543447,9.709,95.332671,1.679657,38.836,9.883762,3.8836,13.5926,0.0,-283.11444,309.01805199999995,48.05955,2.873864,9.776963,6.301141,41.981716,-1.689366,33.738775,0.0,0.0,-0.9709,0.9709,3.68942,55.63257000000001,53.486881,0.9709,0.0,0.0,0.9709,97.09,1,1.0,1,0.002470612599088088,1
R267W,Unknown,R,W,267,,29.2062341,26.1919822,71.36804056000001,377.2014,360.8848,0.1067873479999999,0.142409,7.6784,94.597888,1.29573,47.0302,11.968706,3.8392,15.3568,0.0,-790.3953,304.41976600000004,30.780786,0.921408,0.09598,1.10377,27.88219,-22.190576,35.46461,0.0,0.0,-2.8794,0.9598,3.45528,52.21312,28.81319600000001,0.9598,0.0,0.0,0.0,95.98,-1,1.0,1,0.002160834798054782,1
R273C,Likely Oncogenic,R,C,273,,29.01339119,23.48187611,110.22880155,375.326,325.941,0.1839936945,0.28688,2.9631,98.236642,0.3852029999999999,42.47109999999999,10.805438,0.0,11.8524,0.5747426299999999,-371.07889,279.766025,34.450976,3.210025,0.069139,1.639582,32.465698999999994,-14.538944,11.496828,49.6259988,-64.65879279999999,-2.9631,0.9877,6.913899999999999,64.10173,52.39748499999999,0.9877,0.0,0.9877,0.0,98.77,1,1.0,1,0.0025479177340733106,1
R273H,Likely Oncogenic,R,H,273,,20.7388593,17.21968146,52.28398205999999,352.7874,281.637,0.2691036594,0.431389,3.9528,98.108496,0.760914,26.6814,6.788934,0.0,5.9292,0.32986116,-487.08377999999993,313.397748,37.136556,1.28466,3.01401,3.2808239999999995,34.78464,-5.909436,13.133178,-147.46295916,62.47420164,0.0,0.88938,1.2846599999999997,19.961640000000017,18.82521000000001,0.9882,0.0,0.9882,0.0,98.82,1,1.0,1,0.0028047004251483083,1
R273L,Likely Oncogenic,R,L,273,,29.73021904,24.15401984,97.57593392,372.1744,319.8528,0.187957944,0.288742,3.9488,98.009216,0.572576,44.424,11.303439999999998,0.0,12.8336,0.58965456,-630.6233599999999,230.975184,35.894592,4.620095999999999,0.078976,1.747344,27.898272,-25.114368,14.46248,80.81041504,-55.8246792,-1.9744,0.9872,8.193760000000001,6.6142400000000166,42.479216,0.9872,0.0,0.9872,0.0,98.72,1,1.0,1,0.0017828344487288564,1
R280K,Unknown,R,K,280,,24.232482450000003,18.59631939,72.72018567,344.0151,262.6668,0.2777534793,0.447389,4.9005,97.12791,0.940896,42.1443,10.722294,3.9204,15.6816,0.49818483,-239.34042,319.13036100000005,39.321612,3.6067680000000006,2.332638,4.028211000000001,32.451111000000004,3.675375,17.200755,-189.88280982000003,13.041406620000002,1.9602,0.0,0.5880600000000001,4.704480000000012,27.46240200000001,0.9801,0.0,0.9801,0.0,98.01,-1,1.0,1,-0.0014065965404549167,1
R280T,Likely Oncogenic,R,T,280,,37.02979224,31.71227262,78.42710890000001,382.746,375.8762,0.1040764886,0.146616,2.9442000000000004,97.610044,0.5692119999999999,62.8096,15.977192000000002,4.907,18.6466,0.0,-149.85978,337.199226,29.68735,0.04907,0.009814,0.2846059999999999,41.228614,-2.492756,29.167208,0.0,0.0,-0.9814,0.9814,3.72932,56.234220000000015,54.065326000000006,0.9814,0.0,0.9814,0.0,98.14,1,1.0,1,0.0007426286120379569,1
R282Q,Unknown,R,Q,282,,30.7307325,26.4268875,70.97210249999999,383.175,362.7,0.1198041,0.14593,5.85,96.447,1.131,45.825,11.661,1.95,5.85,0.9006074999999999,157.95,374.93625,30.3225,0.3315,0.0195,0.73125,46.88775,1.6965,55.13625,170.0330775,38.678835,0.975,0.975,0.975,28.859999999999992,27.358500000000003,0.975,0.0,0.0,0.0,97.5,-1,1.0,1,-7.242127785471564e-05,1
R282W,Likely Oncogenic,R,W,282,,27.88776324,23.87849976,102.60855306,375.0408,346.0428,0.14426505,0.177085,7.7328,95.268096,1.488564,46.3968,11.802186,0.0,8.6994,0.35367894,108.16254,395.755038,33.144714,0.860274,1.440234,1.88487,33.695676,-10.980576,26.33985,65.36516508,23.89164552,-2.8998,0.9666,3.47976,52.58304,29.01733200000001,0.9666,0.0,0.0,0.0,96.66,1,1.0,1,0.0026338936372054355,1
R306P,Likely Oncogenic,R,P,306,,10.803743870000002,9.17387512,26.328511920000004,128.4089,125.438,0.0413763845,0.139962,2.6408,32.534656,0.445635,11.2234,2.8553650000000004,0.3301,3.301,0.0,-91.66877,89.770695,10.114264,0.059418,0.006602,0.214565,9.262606,0.0,8.859884,0.0,0.0,-0.6602,0.3301,0.95729,20.03707,19.499007,0.0,0.0,0.0,0.0,33.01,1,1.0,1,-0.005568300402948165,0
R337H,Benign,R,H,337,,28.7927938,24.523303800000004,69.3618636,343.482,331.24600000000004,0.094602634,0.108039,4.370000000000001,86.61340000000001,0.6729800000000001,49.818000000000005,12.673000000000002,4.370000000000001,13.11,0.8986468000000001,18.354000000000003,369.0814600000001,26.639520000000005,0.06118,0.06992,0.4632200000000001,30.004420000000003,-2.7968000000000006,31.560140000000004,194.45695920000003,68.77794420000001,0.0,0.7866000000000001,1.1362,17.654800000000016,16.649700000000013,0.0,0.0,0.0,0.0,87.4,0,1.0013597e-21,0,-0.008196632026518866,0
R342P,Unknown,R,P,342,,27.20381488,23.18550328,56.13988304,296.4792,275.356,0.0900783776,0.186312,6.0352,74.353664,1.161776,33.948,8.63788,3.0176,7.544,1.0840728,-196.44576,260.51695199999995,22.888496,0.022632,0.022632,0.3545679999999999,29.564936,1.403184,30.688992,154.51824488,-75.07803888,-1.5088,0.7544,2.18776,45.79208,44.56240799999999,0.0,0.0,0.0,0.0,75.44,-1,0.9343269,1,-0.007145844091024161,0
S166L,Unknown,S,L,166,,32.3563977,27.52786234,74.58243166,377.8302,366.2934,0.1122617166,0.140628,3.8456,95.447792,0.740278,42.3016,10.76768,3.8456,16.3438,0.0,-307.07116,343.50822,29.65919,0.249964,0.019228,0.6345240000000001,29.822628,-6.027978,18.804984,0.0,0.0,-1.9228,0.0,4.42244,74.70078,25.073312,0.9614,0.0,0.0,0.9614,96.14,-1,1.0,1,-0.0013213866738941652,1
S240N,Unknown,S,N,240,,23.784526770000003,20.32933848,57.02837340000001,369.1125,321.8661,0.2020088733,0.294311,8.8587,96.835434,1.702839,49.215,12.520296000000002,5.9058,12.7959,0.0,158.27544000000003,380.244933,34.381599,1.063044,1.535508,2.283576,52.187586,0.442935,69.74749800000001,0.0,0.0,0.9843,0.0,2.6576100000000005,24.705929999999995,26.595786,0.9843,0.0,0.0,0.9843,98.43,-1,1.0,1,0.0012660544614732463,1
S241F,Unknown,S,F,241,,36.54810085,30.3181385,114.98073565,375.9685,349.873,0.112276372,0.180383,3.866,95.95412,0.56057,60.8895,15.492995000000002,0.0,11.598,0.37277905,-220.45865,293.690355,31.691535,2.10697,0.03866,0.705545,29.09165,-12.91244,28.85969,-115.3399837,-307.8248376,-1.933,0.0,3.4794,97.51985,58.08665000000001,0.9665,0.0,0.9665,0.9665,96.65,-1,1.0,1,0.002171690228224493,1
S313R,Unknown,S,R,313,,11.17647232,9.46452992,25.53127744,129.5328,117.9968,0.042861184,0.201125,1.648,32.66336,0.253792,14.832,3.77392,1.3184,2.6368,0.0,47.4624,107.159552,10.257152,0.1878719999999999,0.003296,0.194464,9.729792,0.0,9.522144,0.0,0.0,-0.3296,0.3296,1.2195200000000002,27.818240000000003,22.778656,0.0,0.0,0.0,0.0,32.96,-1,0.40657473,0,-0.0069751017303464995,0
S366A,Unknown,S,A,366,,11.11220527,8.849865709999998,29.55270064,130.8926,111.5639,0.0610451210999999,0.288984,1.3563999999999998,33.665848,0.261107,14.5813,3.7097539999999993,0.0,2.7128,0.0,-34.65602,107.786326,11.549746,0.9325249999999998,0.0305189999999999,0.4984769999999999,8.060407,0.0,6.988850999999999,0.0,0.0,0.3390999999999999,0.0,0.8816599999999999,0.1356400000000019,5.425599999999999,0.0,0.0,0.0,0.0,33.91,-1,4.965204e-09,0,-0.006768835886068618,0
S378Q,Unknown,S,Q,378,,8.28896432,7.068013679999999,19.28827446,132.78719999999998,112.385,0.0693671342,0.277261,1.729,34.26878,0.266266,16.598399999999998,4.222218000000001,0.3458,2.7664,0.0,28.90888,118.958658,12.50067,1.248338,0.10374,0.871416,9.333142,0.0,10.695594,0.0,0.0,0.0,0.0,0.93366,18.949840000000005,14.19509,0.0,0.0,0.0,0.0,34.58,-1,2.8240432e-08,0,-0.0062320929114868355,0
S46E,Unknown,S,E,46,,9.502992,8.211484800000001,21.5970048,112.60800000000002,109.15200000000002,0.030627936,0.118769,2.016,28.43712,0.33408,14.400000000000002,3.66336,1.152,4.32,0.0,1.6128,98.80992,8.82144,0.03168,0.00864,0.15552,8.553600000000001,0.17568,6.324480000000001,0.0,0.0,0.0,0.288,0.7776000000000002,14.227200000000003,12.107520000000005,0.0,0.0,0.0,0.0,28.8,-1,2.3206003e-06,0,-0.00724830285993782,0
T125M,Unknown,T,M,125,,25.13107836,18.00089712,93.3837229,338.7754,170.33399999999995,0.3135129752,0.501926,7.570399999999999,93.267328,1.457302,46.3687,11.800361,3.7852,16.0871,0.4461804499999999,-346.91358,292.78522,37.445091,2.431991,2.110249,4.703110999999999,20.411691,-18.405535,21.055175,-53.33290022,31.387446179999998,-0.9463,0.0,2.46038,44.286840000000005,28.48362999999999,0.9463,0.0,0.0,0.0,94.63,-1,0.99145013,1,-0.0012045533074293336,1
T155I,Likely Oncogenic,T,I,155,,33.16930344,27.56832624,80.35097616,386.2404,365.6016,0.1281099456,0.159245,8.8452,96.687864,1.700244,55.0368,14.0049,3.9312,20.6388,0.0,52.5798,380.39274,30.309552,0.2457,0.009828,0.570024,38.86974,-14.722344,60.078564,0.0,0.0,-0.9828,0.0,5.11056,49.72968,11.852568000000002,0.9828,0.0,0.0,0.0,98.28,1,1.0,1,4.667660875918393e-05,1
T253I,Likely Oncogenic,T,I,253,,25.85852832,18.321165120000003,118.741617,388.1268,252.8256,0.2604617232,0.383217,6.9132,97.515624,1.145616,34.566,8.799516,0.9876,5.9256,0.0,-45.82464,339.823284,36.718968,2.755404,1.0764840000000002,3.268956,26.4183,-17.559528,20.423568,0.0,0.0,-0.9876,0.0,5.1355200000000005,49.97256,11.910456000000003,0.9876,0.0,0.0,0.0,98.76,1,1.0,1,-0.0003263528790522839,1
T387V,Unknown,T,V,387,,5.93560768,4.45743384,20.60736036,110.282,63.5356,0.1230101887999999,0.542093,0.9876,32.742231999999994,0.190936,9.876,2.511796,1.3168,5.5964,0.0,-108.86644,77.516724,14.74816,2.2451440000000003,0.69132,1.985076,8.098320000000001,0.0,5.049928,0.0,0.0,0.0,0.0,1.61308,7.867880000000001,0.6485239999999997,0.0,0.0,0.0,0.0,32.92,-1,9.360427e-10,0,-0.007075672220169001,0
V143A,Unknown,V,A,143,,35.02400401999999,28.41930898,117.5672024,387.7338,371.9482,0.1285372078,0.195343,4.933,97.77205999999998,0.759682,45.3836,11.543219999999998,3.9464,15.7856,0.5534826,39.06936,331.75411599999995,30.170227999999994,0.0887939999999999,0.019732,0.54263,40.00663,10.586218,24.339422,224.0785652,-90.08230228,0.0,0.0,2.36784,50.71124,27.674129999999995,0.9866,0.0,0.0,0.0,98.66,-1,1.0,1,0.0012558704465076582,1
V157F,Likely Oncogenic,V,F,157,,31.60808948,28.19445733,66.16454279,384.7863,383.8072,0.094757298,0.113808,1.9582,97.557524,0.381849,47.9759,12.209377,3.9164,21.5402,0.8369346799999999,-154.99153,260.078333,30.45001,0.2349839999999999,0.1174919999999999,0.773489,27.884768,-6.667671,21.158351,154.55220783,22.77602002,-0.9791,0.0,1.3707400000000003,48.85709000000001,47.04575500000001,0.9791,0.0,0.0,0.0,97.91,1,1.0,1,0.001980091251924394,1
V173L,Likely Oncogenic,V,L,173,,17.164950609999998,15.38370868,34.80679968,352.9708,294.7888,0.2509554509,0.386824,2.9091,96.446362,0.562426,43.6365,11.103065,0.0,11.6364,0.0,-236.21892,365.644779,41.551645,5.876382,1.774551,4.906682,24.717653,-7.360023,13.129738,0.0,0.0,0.9697,0.0,0.3878800000000003,25.890989999999988,13.604891000000002,0.9697,0.0,0.0,0.9697,96.97,1,1.0,1,0.0004862614286132732,1
V217M,Benign,V,M,217,,24.16053354,19.28416347,63.888825,353.2386,261.4755,0.2722384236,0.432048,4.9335,97.78197,0.947232,50.3217,12.807366,4.9335,14.8005,0.0,238.38672,398.567598,33.320859000000006,0.424281,0.957099,2.407548,34.307559000000005,-0.039468,24.529362,0.0,0.0,0.9867,0.0,2.26941,22.595430000000007,31.643468999999996,0.9867,0.0,0.0,0.0,98.67,0,4.1067314e-09,0,-0.0037245605822131367,0
V272M,Unknown,V,M,272,,27.8720508,23.3473954,84.80586000000001,370.736,332.282,0.173736158,0.263833,6.902,97.35764,1.3311000000000002,54.23,13.79414,3.944,15.776,0.7505432,-151.4496,281.85796,37.5666,5.63992,0.1972,2.43542,31.6013,-0.50286,19.03966,-152.803378,-14.2653494,0.986,0.0,2.2678000000000003,22.579400000000007,31.621019999999994,0.986,0.0,0.0,0.0,98.6,-1,0.009178929,0,0.001203811049734455,1
V31I,Unknown,V,I,31,,7.6993041,6.9113436,14.8096236,97.359,92.877,0.027536412,0.123744,1.494,24.63108,0.28884,8.217,2.0916,0.0,0.996,0.0,-74.7,72.63828000000001,7.965509999999999,0.13446,0.08217,0.2988,6.87987,-0.1494,8.97894,0.0,0.0,0.747,0.0,0.0746999999999999,6.648299999999997,3.4934700000000003,0.0,0.0,0.0,0.0,24.9,-1,1.0144696e-08,0,-0.007290809244692793,0
W146C,Likely Oncogenic,W,C,146,,20.43285096,17.70148248,52.95834228,362.5536,304.4268,0.2303437008,0.353702,10.8372,96.559452,2.088624,38.4228,9.773184,3.9408,11.8224,0.0,-393.48888,269.40294,42.1173,7.802784,0.8768279999999999,4.078728,39.122292,2.049216,33.605172,0.0,0.0,-1.9704,0.0,3.34968,117.53436,81.840564,0.9852,0.0,0.0,0.0,98.52,1,1.0,1,0.0030712750685175185,1
W23R,Unknown,W,R,23,,10.4211822,8.692483800000002,26.282542000000003,112.112,104.67600000000002,0.034971794,0.165932,1.144,28.39408,0.16588,15.730000000000002,4.00114,0.286,2.2880000000000003,0.7406828000000001,47.561800000000005,135.58402,8.671520000000001,0.0143,0.0,0.09152,11.27126,1.6187600000000002,9.955660000000002,55.54649100000001,-43.016316200000006,-0.8580000000000001,0.286,1.0296,15.558400000000004,8.585720000000004,0.0,0.0,0.0,0.0,28.6,-1,9.366694e-14,0,-0.0063484867773165535,0
W91L,Unknown,W,L,91,,26.113844340000004,22.29967818,65.32917183,311.60970000000003,306.05940000000004,0.0909051921,0.143998,8.7219,77.712129,1.680948,39.645,10.085688,3.9645,7.929,0.0,154.06047,326.088054,24.437178000000003,0.15858,0.015858,0.499527,36.957069,-1.0307700000000002,45.401454,0.0,0.0,-1.5858,0.0,3.726630000000001,48.44619000000002,57.92134500000001,0.0,0.0,0.0,0.0,79.29,-1,1.0,1,-0.00696664947339054,0
Y126D,Likely Oncogenic,Y,D,126,,22.13698563,17.94001284,60.82281477,346.1058,271.80060000000003,0.2623090884,0.440196,6.8439,96.538098,1.319895,49.8627,12.690546,3.9108,17.5986,0.0,-369.37506,305.541027,35.646942,1.231902,2.023839,3.157971,47.643321,13.022964,29.409216,0.0,0.0,-2.9331,0.9777,2.1509400000000003,80.66025,47.017593000000005,0.9777,0.0,0.0,0.0,97.77,1,1.0,1,0.0013103026039160684,1
Y163C,Likely Oncogenic,Y,C,163,,20.42350416,15.50233454,62.62554771999999,326.5852,213.1604,0.343594031,0.573547,5.8668,96.723976,1.134248,58.668,14.931006,4.889,14.667,0.0,-120.66052,334.476046,43.717438,3.363632,5.3779,5.67124,40.314694,0.234672,35.191022000000004,0.0,0.0,-1.9556,0.0,3.71564,83.21078,58.70711200000001,0.9778,0.0,0.0,0.9778,97.78,1,1.0,1,0.00024451064027485535,1
Y220C,Likely Oncogenic,Y,C,220,,21.70012108,16.413807960000003,78.72128352000001,344.4012,221.7512,0.3172769072,0.495827,1.9624,97.766768,0.382668,35.3232,8.987792,3.9248,13.7368,0.6685896800000001,-400.82020000000006,362.916444,46.636436,5.259232000000001,5.5241560000000005,6.593664,32.95850800000001,0.0,17.239684,-73.91899636000001,65.17473820000001,-1.9624,0.0,3.72856,83.50012,58.91124800000001,0.9812,0.0,0.0,0.0,98.12,1,1.0,1,0.002028795774151553,1
Y220N,Likely Oncogenic,Y,N,220,,28.588589,22.7772896,108.0988389,360.761,309.645,0.208136488,0.340329,2.949,97.76918,0.38337,42.269,10.75402,0.0,9.83,0.0,-101.4456,362.67785,34.85718,3.48965,0.08847,1.92668,34.45415,5.61293,16.62253,0.0,0.0,-1.966,0.0,2.1626000000000003,78.1485,48.24564000000001,0.983,0.0,0.0,0.0,98.3,1,1.0,1,0.0025821330122307857,1
Y220S,Unknown,Y,S,220,,31.44303706,25.2524112,77.71470732,374.5892,324.5786,0.1752744052,0.253256,5.8836,97.000952,0.941376,32.3598,8.23704,3.9224,8.8254,0.4514682399999999,-208.96586,388.621586,31.045796,0.500106,0.039224,1.157108,35.576168,5.24621,26.054542,193.19349736,3.15233482,-1.9612,0.0,0.4903,102.57076,74.62366000000002,0.9806,0.0,0.0,0.0,98.06,-1,1.0,1,0.00039172653458972623,1
Y234C,Likely Oncogenic,Y,C,234,,33.014048,27.397578000000003,72.743826,377.255,329.975,0.16121298,0.238677,6.895,97.2589,1.32975,42.355,10.7759,3.94,9.85,0.0,-126.868,366.2033,30.40695,0.3349,0.00985,0.6993499999999999,44.17725,-1.0638,53.39685,0.0,0.0,-1.97,0.0,3.743,83.8235,59.1394,0.985,0.0,0.0,0.0,98.5,1,1.0,1,0.0022415105887733074,1
