Mutation,DBCA_Score,DBCA_Class,Zinc_Score,DNA_Contact_Score,Loop_Score,HBond_Score,Core_Score,RMSD,Zinc_Mean_Disp,Zinc_Geom_Dev,DNA_Mean_Disp,DNA_R248_Disp,DNA_R273_Disp,L2_RMSD,L3_RMSD,LSH_RMSD,WT_HBonds,Mut_HBonds,Core_Packing_Change
R280T,30.25,Severely Impaired,0.05,0.01,0.29,15.0,14.9,37.7316,18.6158,0.0422,27.4141,25.5194,19.2545,17.746,22.1189,25.8467,108,110,0.0204
D281E,30.28,Severely Impaired,0.03,0.0,0.26,15.0,14.99,36.4893,20.563,0.0182,27.5438,26.1817,20.568,18.1261,23.252,25.9179,108,108,0.0024
W23R,30.32,Severely Impaired,0.05,0.0,0.32,15.0,14.95,36.4377,18.9043,0.0175,28.0541,25.3499,20.5933,16.4277,22.0396,26.6257,108,108,0.0108
R342P,30.34,Severely Impaired,0.03,0.03,0.47,14.86,14.95,36.0602,20.4937,0.0333,22.319,20.8956,14.4706,16.8163,20.2834,19.8345,108,107,0.0094
P72R,30.46,Severely Impaired,0.02,0.07,0.43,15.0,14.94,37.0815,21.6061,0.0276,18.7479,19.6635,15.0145,19.3087,20.2401,16.7291,108,110,0.0123
R337H,30.48,Severely Impaired,0.07,0.08,0.53,14.86,14.94,32.9437,17.5522,0.0283,18.0947,16.697,18.6887,18.9046,17.276,18.6249,108,107,0.0127
R175H,30.49,Severely Impaired,0.09,0.04,0.56,14.86,14.94,31.8538,16.8694,0.0363,20.692,18.5263,19.094,16.5619,17.6896,20.8168,108,107,0.0124
F341K,30.5,Severely Impaired,0.07,0.02,0.44,15.0,14.97,35.9703,17.4165,0.0387,22.1706,18.158,21.3718,18.1775,17.9634,23.0702,108,108,0.0051
R158H,30.51,Severely Impaired,0.06,0.02,0.46,15.0,14.97,33.4055,17.9868,0.0421,21.9705,20.3894,20.0106,17.1453,19.1628,21.82,108,108,0.0056
E326N,30.57,Severely Impaired,0.06,0.02,0.58,15.0,14.91,36.5389,18.2438,0.0298,22.393,20.4912,16.438,14.7065,19.0335,20.8226,108,109,0.0188
V143A,30.58,Severely Impaired,0.09,0.02,0.55,15.0,14.92,35.4997,16.7466,0.0323,23.7729,20.7871,19.6914,14.4838,18.6516,23.3602,108,109,0.016
D281G,30.58,Severely Impaired,0.1,0.02,0.55,15.0,14.91,32.7702,16.6138,0.0203,22.3967,19.4377,19.9213,15.7527,17.9884,22.5384,108,108,0.0181
S46E,30.63,Severely Impaired,0.11,0.03,0.54,15.0,14.95,32.9965,16.1307,0.0399,21.2839,18.8463,19.5137,16.7527,17.5503,21.7476,108,108,0.0109
A159V,30.64,Severely Impaired,0.19,0.02,0.59,15.0,14.84,33.7969,14.6915,0.0423,23.3551,19.2951,20.8312,14.8159,17.2405,24.0511,108,110,0.0329
R306P,30.64,Severely Impaired,0.18,0.02,0.65,14.86,14.93,32.7287,14.7645,0.0208,22.2766,18.0255,20.1795,14.7485,16.5579,23.0124,108,107,0.0139
F113N,30.64,Severely Impaired,0.08,0.04,0.55,15.0,14.97,33.4611,17.1076,0.025,20.2529,18.0107,19.224,16.9642,17.5801,20.5391,108,108,0.0059
K372S,30.66,Severely Impaired,0.13,0.03,0.64,14.86,15.0,33.2867,15.7086,0.0242,21.8524,19.3737,17.9851,14.806,17.4729,21.4773,108,107,0.001
H179Q,30.72,Severely Impaired,0.07,0.13,0.57,15.0,14.95,32.1877,17.6965,0.0621,16.3883,15.3923,17.4767,19.395,16.6573,16.9079,108,109,0.0108
G302R,30.72,Severely Impaired,0.07,0.11,0.63,15.0,14.91,30.93,17.5693,0.0255,16.8275,18.1271,16.2968,17.3143,17.8129,16.2434,108,108,0.0182
D21N,30.73,Severely Impaired,0.1,0.02,0.61,15.0,15.0,33.6655,16.4906,0.0165,22.6908,20.1435,17.9063,14.6109,18.1838,21.8622,108,108,0.0002
N29S,30.76,Severely Impaired,0.16,0.03,0.63,15.0,14.94,33.001,15.0609,0.0384,21.6423,18.7096,19.2789,15.1274,16.9936,22.0308,108,109,0.0116
N345S,30.76,Severely Impaired,0.16,0.07,0.61,15.0,14.92,33.1697,15.1553,0.0254,18.3894,14.8848,19.0699,18.2522,15.4165,19.7661,108,108,0.0169
W91L,30.82,Severely Impaired,0.2,0.02,0.63,15.0,14.97,32.9346,14.3995,0.0196,22.7781,18.7591,20.1104,14.6754,16.7561,23.4076,108,108,0.0068
P278S,30.83,Severely Impaired,0.2,0.02,0.7,15.0,14.91,36.5299,14.4559,0.023,23.3293,16.6313,20.4567,14.0639,15.6682,24.4229,108,108,0.0179
T155I,30.84,Severely Impaired,0.25,0.01,0.58,15.0,15.0,33.7498,13.747,0.0219,24.9994,19.7378,20.9295,14.3422,16.9616,25.6996,108,108,0.0005
E258K,30.85,Severely Impaired,0.05,0.23,0.57,15.0,15.0,29.0433,18.6745,0.0434,14.3111,15.8828,15.3984,20.0428,17.2804,14.1641,108,109,0.0006
S166L,30.85,Severely Impaired,0.26,0.02,0.66,15.0,14.91,33.6555,13.6611,0.0269,23.3532,18.1502,20.7715,14.3533,16.1859,24.3788,108,109,0.0181
K164E,30.86,Severely Impaired,0.26,0.01,0.65,15.0,14.94,36.0598,13.6471,0.0365,24.82,19.8015,20.5233,13.3365,16.9091,25.299,108,108,0.0125
Y234C,30.87,Severely Impaired,0.34,0.01,0.71,15.0,14.81,33.5168,12.8677,0.0336,25.948,17.7267,19.4825,13.4292,14.7724,26.9099,108,108,0.0373
H179R,30.88,Severely Impaired,0.09,0.13,0.7,15.0,14.96,31.2106,16.9439,0.0911,16.2804,17.2336,15.829,16.9077,17.0903,15.789,108,108,0.0087
P85S,30.92,Severely Impaired,0.23,0.08,0.82,14.86,14.93,34.2345,14.0713,0.0201,18.3357,15.8166,17.0486,15.4501,14.9443,19.0307,108,107,0.0136
F270L,30.95,Severely Impaired,0.15,0.04,0.91,14.86,14.99,34.4647,15.3077,0.046,20.5562,18.0011,15.427,12.3595,16.4396,19.5324,108,107,0.0015
E56D,31.01,Severely Impaired,0.26,0.03,0.86,15.0,14.86,33.1264,13.6772,0.0418,21.693,18.9033,16.2632,12.8253,15.8624,21.2698,108,108,0.029
R156H,31.02,Severely Impaired,0.16,0.09,0.84,15.0,14.93,32.3977,15.0788,0.0201,17.7164,16.2836,16.11,15.1658,15.5393,17.8897,108,109,0.0131
C141Y,31.04,Severely Impaired,0.27,0.02,0.8,15.0,14.95,33.2702,13.5776,0.0272,23.086,18.6833,18.1946,12.6461,16.1334,23.045,108,108,0.0101
V157F,31.1,Severely Impaired,0.24,0.12,0.79,15.0,14.95,32.2828,13.9336,0.0344,16.7168,14.7867,17.4322,16.8775,14.6339,17.9199,108,108,0.0099
R282Q,31.1,Severely Impaired,0.34,0.02,0.75,15.0,14.99,31.5187,12.8713,0.0234,22.4204,17.467,20.1957,13.7557,15.5591,23.4915,108,108,0.0028
L194R,31.11,Severely Impaired,0.41,0.03,0.79,15.0,14.88,32.8773,12.3406,0.027,21.8788,17.0935,19.548,13.7609,15.0827,22.9664,108,108,0.0241
S313R,31.12,Severely Impaired,0.57,0.01,0.59,15.0,14.95,33.9092,11.3508,0.0185,26.6052,21.1413,19.1593,13.9107,16.7219,26.6947,108,109,0.0091
K382R,31.13,Severely Impaired,0.29,0.05,0.82,15.0,14.97,31.7023,13.3855,0.0348,20.0467,15.7852,18.7437,14.6081,14.8119,21.0961,108,109,0.0052
R158L,31.13,Severely Impaired,0.48,0.05,0.84,14.86,14.9,32.2115,11.851,0.0349,19.8738,15.0318,19.0182,14.9129,13.969,21.4672,108,107,0.0202
G245S,31.19,Severely Impaired,0.37,0.05,1.13,14.72,14.92,33.4872,12.6341,0.0581,19.8592,16.2585,16.1354,11.6302,14.3308,19.814,108,106,0.0159
A276V,31.19,Severely Impaired,0.06,0.51,0.68,15.0,14.94,29.8071,17.9377,0.0199,11.5919,14.4211,13.5437,20.1708,16.2872,11.588,108,109,0.0129
P250L,31.2,Severely Impaired,0.16,0.06,1.05,15.0,14.93,33.8884,15.0791,0.0225,19.4045,16.79,15.0851,12.0063,15.6206,18.5215,108,110,0.0141
H380R,31.21,Severely Impaired,0.35,0.07,0.99,14.86,14.94,30.918,12.8075,0.0491,18.8902,14.2242,17.8315,13.8544,13.7516,19.9786,108,107,0.012
E221K,31.23,Severely Impaired,0.39,0.06,0.88,15.0,14.9,32.3929,12.4497,0.0292,19.4031,16.2022,18.3529,14.173,14.7015,20.4464,108,111,0.0192
L22F,31.23,Severely Impaired,0.29,0.11,0.91,15.0,14.92,29.3793,13.3776,0.03,17.2341,14.4158,16.8938,15.4383,14.0563,18.2638,108,110,0.0154
C176R,31.24,Severely Impaired,0.38,0.11,0.84,15.0,14.91,31.5949,12.3971,0.2529,17.2776,13.536,17.7229,16.7376,13.4311,19.0296,108,108,0.019
R110P,31.31,Severely Impaired,0.37,0.03,1.04,15.0,14.87,31.8022,12.5954,0.0306,21.8857,18.0055,16.9977,10.7745,15.3261,21.6537,108,108,0.0251
C242S,31.31,Severely Impaired,0.08,0.46,0.79,15.0,14.98,28.1234,17.1411,0.0424,11.8838,15.3528,13.4088,18.3785,16.3299,11.5273,108,109,0.0036
R249S,31.34,Severely Impaired,0.81,0.01,0.59,15.0,14.93,34.2997,10.2432,0.0593,24.3186,21.375,17.806,15.205,16.8041,24.2237,108,110,0.0145
N210S,31.35,Severely Impaired,0.6,0.04,0.85,14.86,15.0,32.7993,11.1985,0.0157,21.1957,16.3479,19.1798,13.9194,14.305,22.5923,108,107,0.0005
G245D,31.53,Severely Impaired,0.59,0.07,0.93,15.0,14.94,32.198,11.2121,0.0378,19.291,12.3577,18.5201,15.3761,12.3356,21.3678,108,108,0.0116
C176S,31.55,Severely Impaired,0.37,0.04,1.22,15.0,14.92,35.3059,12.5729,0.0675,20.9108,16.9256,16.3418,9.9643,14.6895,20.7097,108,108,0.0161
Y220S,31.66,Severely Impaired,0.51,0.04,1.18,15.0,14.93,32.0651,11.6709,0.0278,21.0745,14.8553,17.1975,11.3339,13.1044,21.865,108,108,0.0139
E285K,31.84,Severely Impaired,0.88,0.07,1.14,14.86,14.89,32.9137,10.0318,0.0257,19.6087,13.6123,13.9248,14.2519,11.3814,20.3205,108,107,0.0219
Q331R,31.93,Severely Impaired,0.39,0.34,1.21,15.0,14.99,28.6333,12.4506,0.0178,13.571,10.7842,14.4451,15.8085,11.8599,14.8309,108,108,0.0029
V31I,31.99,Severely Impaired,0.54,0.33,1.2,15.0,14.92,30.9209,11.501,0.0211,14.1139,7.3392,14.8798,16.8164,10.2151,16.2598,108,108,0.0167
Q375H,31.99,Severely Impaired,1.23,0.04,0.73,15.0,14.99,35.1303,8.9975,0.0439,21.1184,18.6972,14.5609,16.0864,14.638,21.2853,108,108,0.0025
R267W,32.07,Severely Impaired,0.96,0.1,1.15,15.0,14.86,30.4295,9.752,0.0304,17.8801,13.0034,16.7043,14.019,11.8419,19.66,108,108,0.0275
D49R,32.24,Severely Impaired,0.81,0.28,1.26,15.0,14.89,29.5919,10.2675,0.0304,14.5293,8.2841,15.4011,15.9768,10.2979,16.534,108,110,0.0226
D393E,32.49,Severely Impaired,0.37,1.39,0.73,15.0,15.0,35.2479,12.6032,0.0461,9.7472,4.2931,8.3473,26.0147,9.6474,11.3983,108,108,0.0009
R248G,32.63,Severely Impaired,1.32,0.1,1.23,15.0,14.98,30.1166,8.7937,0.0376,17.7418,12.9696,17.1879,13.3432,11.7515,19.5918,108,108,0.0038
S241F,32.79,Severely Impaired,2.18,0.04,0.73,15.0,14.84,37.8149,7.2875,0.0414,21.7723,15.4195,10.8529,18.9179,11.4487,22.1158,108,109,0.0329
R248W,33.27,Severely Impaired,1.09,0.12,2.12,15.0,14.94,32.6174,9.392,0.0318,17.6597,13.7748,13.0992,7.7491,11.5782,17.4611,108,112,0.0118
V217M,33.77,Severely Impaired,0.43,0.97,2.44,15.0,14.93,24.4862,12.2071,0.0224,10.3812,10.1236,8.1056,10.8701,10.7568,9.3904,108,108,0.0142
G266V,33.87,Severely Impaired,2.2,0.1,2.05,14.58,14.94,27.2404,7.2829,0.0179,18.3056,13.9527,13.2614,8.314,10.9187,18.445,108,105,0.013
S366A,34.06,Severely Impaired,2.75,0.09,1.47,14.86,14.89,32.7697,6.6025,0.0284,18.2643,14.751,14.4109,11.5212,11.5623,19.1337,108,107,0.0222
R282W,34.29,Severely Impaired,0.89,1.49,1.95,15.0,14.96,28.8514,9.9814,0.0437,9.1199,4.757,10.3129,15.6108,8.1578,10.6043,108,108,0.009
R196Q,34.4,Severely Impaired,3.39,0.05,0.97,15.0,14.99,33.2095,5.9771,0.0328,20.5545,16.0189,15.3696,14.8338,12.1882,21.7006,108,108,0.0017
G108L,34.42,Severely Impaired,2.98,0.08,1.37,15.0,14.99,25.9235,6.3736,0.0192,19.1678,15.6159,11.5169,12.2908,11.7906,18.9365,108,109,0.0029
R249G,34.74,Severely Impaired,3.99,0.04,1.01,14.86,14.84,35.1811,5.4777,0.0427,22.1591,15.2092,12.1028,15.2821,10.8421,22.4279,108,107,0.0317
I195T,34.78,Severely Impaired,3.96,0.05,0.93,14.86,14.98,32.5522,5.5063,0.0301,20.5505,14.4754,14.8611,16.2298,11.0023,22.2883,108,107,0.0038
Q5T,34.86,Severely Impaired,3.63,0.08,1.21,15.0,14.94,29.9808,5.7633,0.0417,18.7221,14.7918,14.2838,13.7768,11.3986,19.8095,108,108,0.0115
R273C,34.88,Severely Impaired,3.25,0.07,1.66,15.0,14.9,29.3747,6.1011,0.03,19.801,13.3447,13.3413,10.9313,9.9496,20.4418,108,109,0.0205
S240N,34.93,Severely Impaired,1.08,1.56,2.32,15.0,14.97,24.1639,9.4185,0.0267,10.0806,1.5339,5.6627,14.9166,6.254,11.4878,108,109,0.005
Y220N,35.46,Severely Impaired,3.55,0.09,1.96,15.0,14.86,29.083,5.844,0.0264,18.8312,13.4524,12.7618,9.3604,10.0734,19.1879,108,110,0.0289
I251F,35.47,Severely Impaired,2.99,0.2,2.29,15.0,14.99,26.8467,6.3492,0.0438,16.01,12.4111,11.3973,9.3056,9.6714,16.1763,108,109,0.0028
K319T,35.54,Severely Impaired,1.19,1.67,2.7,15.0,14.98,29.1008,9.1151,0.0432,9.8667,1.8588,4.9243,13.2867,6.0077,11.5001,108,109,0.0044
K292R,35.57,Severely Impaired,2.37,0.31,2.9,15.0,14.99,24.399,7.0535,0.0181,15.2328,5.6868,10.702,9.5458,6.0513,17.0623,108,109,0.0011
E286K,35.58,Severely Impaired,2.08,0.52,3.07,15.0,14.91,24.5827,7.4455,0.0287,12.4213,9.9354,11.3127,8.0037,8.9358,12.9805,108,109,0.0179
C176F,35.79,Severely Impaired,1.26,0.97,3.72,15.0,14.84,27.554,8.813,0.2551,10.4721,9.0302,8.5256,7.3984,8.5944,10.0497,108,108,0.0315
R175G,35.8,Severely Impaired,4.32,0.09,1.4,15.0,14.99,32.1425,5.2019,0.1062,18.7043,12.3149,13.2046,13.9081,9.2263,20.2756,108,108,0.0026
S378Q,36.15,Severely Impaired,3.61,0.3,2.52,14.86,14.86,23.9704,5.782,0.0375,14.3533,10.4463,12.5241,9.3167,8.8077,15.5189,108,107,0.0291
M237I,36.29,Severely Impaired,3.25,0.26,2.82,15.0,14.96,19.7161,6.108,0.0206,15.0091,11.606,11.575,7.6767,9.1366,15.3765,108,109,0.0086
P34L,36.31,Severely Impaired,5.06,0.09,1.33,14.86,14.97,32.0017,4.7822,0.0219,19.0072,12.873,11.8075,14.5333,9.2826,20.1769,108,107,0.0054
R273L,36.36,Severely Impaired,4.68,0.08,1.77,15.0,14.83,30.1157,5.004,0.0345,19.2843,12.3225,13.8707,10.8881,9.0866,20.635,108,110,0.0346
R248Q,36.36,Severely Impaired,2.74,0.36,3.29,15.0,14.97,22.192,6.6142,0.0302,14.1656,10.9983,8.5874,6.7831,8.9356,13.6494,108,108,0.0061
L25V,36.4,Severely Impaired,5.13,0.09,1.4,14.86,14.92,29.8216,4.7341,0.0267,18.7792,12.6834,13.656,13.6253,9.4672,20.3455,108,107,0.0153
Y126D,36.46,Severely Impaired,1.26,2.07,3.23,15.0,14.9,22.6419,8.9475,0.027,9.1165,1.1536,4.7895,11.8922,5.7466,10.3048,108,108,0.0204
L130F,36.49,Severely Impaired,1.33,1.57,3.66,15.0,14.93,18.5312,8.7792,0.0219,8.6442,9.3716,7.6406,8.1843,9.0128,8.0782,108,109,0.0134
C238Y,36.52,Severely Impaired,0.87,2.41,3.71,14.72,14.81,23.6182,9.7282,0.5983,7.2918,7.802,6.6262,9.2865,8.4332,6.6992,108,106,0.0385
L344R,36.89,Severely Impaired,2.86,0.53,3.51,15.0,14.99,22.5967,6.4974,0.0196,12.5182,11.0956,9.3588,6.5336,8.9809,12.4402,108,108,0.0027
F54S,36.97,Severely Impaired,2.4,0.8,3.82,15.0,14.95,29.5204,7.0112,0.0254,11.1264,9.6766,8.845,6.9049,8.3654,10.8785,108,108,0.0098
N239D,37.0,Severely Impaired,3.79,0.26,2.97,15.0,14.98,22.0229,5.6468,0.0156,15.0278,10.6693,11.9179,7.4714,8.4752,15.7918,108,109,0.0033
M40N,37.05,Severely Impaired,4.43,0.19,2.47,15.0,14.96,26.7035,5.1839,0.0134,16.1123,11.9731,12.6159,8.4577,9.2651,16.8671,108,109,0.0085
R248L,37.15,Severely Impaired,1.73,2.23,3.27,15.0,14.92,21.5996,7.9796,0.05,8.7347,0.8486,5.7292,12.2222,5.2546,10.3321,108,110,0.0164
T253I,37.18,Severely Impaired,2.79,1.09,3.31,15.0,14.99,26.1832,6.5679,0.0252,10.4051,8.0252,6.9638,10.0697,7.1166,10.5708,108,109,0.002
R273H,37.58,Severely Impaired,1.3,3.05,3.32,15.0,14.91,20.9865,8.8472,0.0222,7.6893,1.2803,3.7921,12.3488,5.8031,8.5759,108,108,0.0182
N247D,37.88,Severely Impaired,5.45,0.16,2.3,15.0,14.97,30.7411,4.5521,0.0271,17.0089,11.9104,10.6757,9.7459,8.638,17.3313,108,109,0.0063
V272M,38.1,Severely Impaired,5.72,0.2,2.47,14.72,14.99,28.2678,4.4061,0.0283,16.4512,7.8016,12.4811,10.344,6.5146,18.6139,108,106,0.0025
T125M,39.57,Severely Impaired,2.57,2.23,4.97,14.86,14.94,26.5572,6.8071,0.0244,8.0473,5.0035,6.3025,7.6338,5.7244,8.1051,108,107,0.0121
R175C,39.7,Severely Impaired,6.95,0.23,2.54,15.0,14.98,25.8032,3.7702,0.1151,15.5444,10.9131,12.1171,9.1677,8.2795,16.6544,108,109,0.0049
R280K,40.12,Substantially Impaired,3.68,2.38,4.11,15.0,14.95,24.7245,5.7246,0.0418,8.365,3.2872,3.9703,10.7334,4.2461,9.6141,108,108,0.0103
P36G,40.32,Substantially Impaired,2.72,3.02,4.67,15.0,14.91,19.4784,6.6471,0.0166,7.2397,6.5494,1.9687,8.3897,6.4959,6.575,108,108,0.0187
P152L,40.78,Substantially Impaired,7.94,0.3,2.62,15.0,14.92,27.6545,3.4279,0.0215,14.5997,10.0575,11.9366,9.5253,7.8689,15.9801,108,109,0.0169
G187T,42.49,Substantially Impaired,3.69,3.09,5.82,15.0,14.89,20.2392,5.7215,0.0262,7.2988,2.396,5.045,7.1737,4.1765,8.1497,108,109,0.0215
L14V,42.49,Substantially Impaired,5.7,1.85,4.97,15.0,14.97,17.2207,4.4059,0.0457,9.0917,3.4741,5.7883,8.6644,3.6219,10.2433,108,108,0.0052
W146C,42.75,Substantially Impaired,7.92,0.89,4.14,14.86,14.94,20.7398,3.4351,0.0235,10.9209,7.5061,9.5252,7.4329,6.2042,12.0753,108,107,0.0119
E339D,42.79,Substantially Impaired,3.97,2.67,6.21,15.0,14.94,14.6002,5.5176,0.0105,7.5944,3.6727,5.8305,6.1774,4.4102,8.0524,108,108,0.0127
V173L,42.85,Substantially Impaired,6.06,1.83,5.06,15.0,14.9,17.7013,4.225,0.0437,9.1398,3.3731,5.8301,8.5197,3.5751,10.1575,108,108,0.0199
A138V,43.03,Substantially Impaired,4.69,2.22,6.16,15.0,14.96,14.2027,5.013,0.0147,7.8157,6.5895,6.4949,4.9936,5.8354,7.7862,108,109,0.009
P71V,43.53,Substantially Impaired,5.74,1.94,5.94,15.0,14.91,20.3495,4.4002,0.0219,8.4767,6.7106,5.5827,5.445,5.5713,8.3052,108,108,0.0178
A189V,43.62,Substantially Impaired,6.05,2.0,5.58,15.0,14.99,18.9269,4.2462,0.0212,8.4277,6.01,5.6759,6.72,4.9752,8.5087,108,108,0.0017
H193R,44.63,Substantially Impaired,8.13,1.4,5.11,15.0,14.99,22.7217,3.357,0.0223,9.8872,5.53,6.0621,7.5255,4.2207,10.6033,108,109,0.0011
Y163C,44.71,Substantially Impaired,3.44,5.5,5.8,15.0,14.97,20.8872,5.9425,0.0164,5.4628,1.4899,2.6835,8.4719,3.9965,6.0079,108,108,0.0057
T387V,44.8,Substantially Impaired,6.82,2.1,6.03,15.0,14.85,18.0304,3.8756,0.0326,8.6819,3.1307,5.4879,6.98,3.0935,9.8207,108,108,0.0311
E352D,46.33,Substantially Impaired,4.26,5.35,6.79,15.0,14.93,17.8069,5.2941,0.0195,5.5195,0.7804,3.7606,6.8428,3.4746,6.3658,108,108,0.0148
C135Y,47.03,Substantially Impaired,8.79,1.98,6.51,15.0,14.75,20.5619,3.1117,0.0404,8.6917,4.4726,5.6221,5.9046,3.4687,9.3134,108,109,0.0506
Y220C,47.53,Substantially Impaired,5.36,5.63,6.72,15.0,14.82,22.1159,4.5908,0.0439,5.3526,0.6363,3.6425,7.3669,3.0755,6.3736,108,108,0.0354
K132R,49.36,Substantially Impaired,6.64,4.7,8.08,15.0,14.94,17.7668,3.9651,0.0233,5.3342,4.9617,4.4937,4.2421,4.4849,5.2097,108,108,0.013
R249T,49.5,Substantially Impaired,2.96,10.07,6.49,15.0,14.98,16.7298,6.3783,0.0385,3.0157,3.7898,0.5573,7.7162,4.8819,2.9444,108,108,0.0049
C242F,50.39,Substantially Impaired,8.46,3.39,8.57,15.0,14.97,13.313,3.0285,0.3728,6.6935,4.071,5.0252,3.6081,3.5157,6.9259,108,108,0.0053
P47S,51.21,Substantially Impaired,8.93,3.51,8.79,15.0,14.98,22.0739,3.0749,0.0202,6.5846,4.019,4.8706,3.4336,3.4586,6.7697,108,108,0.0034
P278R,52.37,Substantially Impaired,9.33,4.21,8.97,15.0,14.86,17.9795,2.9473,0.0187,6.0422,4.4155,3.1537,3.5927,3.7386,5.3776,108,108,0.0288
G244C,55.19,Substantially Impaired,9.13,6.39,9.78,15.0,14.89,19.8936,2.991,0.0509,4.56,2.1843,4.0861,3.8306,2.5986,5.0365,108,109,0.022
E294G,59.78,Substantially Impaired,11.71,7.42,10.67,15.0,14.98,17.9474,2.2461,0.0498,4.1321,2.3447,2.7354,3.4721,2.325,4.1097,108,109,0.0038
R213Q,64.99,Partially Impaired,10.74,12.8,11.52,15.0,14.93,8.2168,2.5234,0.0199,2.3184,1.7438,0.777,3.6851,2.06,2.3003,108,108,0.0149
