Mutation,Classification,WT_AA,Mut_AA,Position,Criterion,RMSD,Mean_Displacement,Max_Displacement,Residues_Above_5A,Residues_Above_10A,TM_Score,DBD_TM,Contacts_Lost,Preservation_Rate,DBD_Contact_Loss_Pct,Total_SS_Changes,SS_Change_Pct,Helix_to_Coil,DBD_Changes,Local_Global_Ratio,Total_SASA_Change,Hydrophobic_Exposure,DBCA_Score,Zinc_Score,DNA_Contact_Score,Loop_Score,ARES,DDE_Contact,Rewiring_Energy,PC1,PC2,BLOSUM62,Charge_Change,Hydro_Change,Volume_Change,MW_Change,In_DBD,In_Zinc,In_DNA_Contact,In_Loop,Label,PCA_KAN_Probability,PCA_KAN_Prediction
A138V,Unknown,A,V,138,,14.2027,11.7,33.7593,332,149,0.40983,0.596057,6,98.92,0.96,41,10.43,0,15,0.5573,59.3,330.51,43.03,4.69,2.22,6.16,29.23,-5.02,17.47,-177.0968,191.2564,0,0.0,2.4000000000000004,51.400000000000006,28.049999999999997,1,0,0,0,-1,0.0,0
A159V,Likely Oncogenic,A,V,159,,33.7969,28.8256,76.6195,391,387,0.115741,0.140823,8,98.56,1.35,48,12.21,4,14,0.0,14.9,339.29,30.64,0.19,0.02,0.59,29.37,-10.69,32.35,0.0,0.0,0,0.0,2.4000000000000004,51.400000000000006,28.049999999999997,1,0,0,0,1,1.0,1
A189V,Benign,A,V,189,,18.9269,14.4449,54.9211,332,165,0.383049,0.549479,7,98.74,1.35,44,11.2,4,15,0.4578,-169.8,421.21,43.62,6.05,2.0,5.58,31.77,-5.49,28.37,-147.062,125.944,0,0.0,2.4000000000000004,51.400000000000006,28.049999999999997,1,0,0,1,0,0.0,0
A276V,Likely Oncogenic,A,V,276,,29.8071,24.3219,73.7618,391,361,0.156465,0.153705,7,98.74,0.96,59,15.01,1,15,0.0,421.7,530.51,31.19,0.06,0.51,0.68,38.87,-4.14,45.1,0.0,0.0,0,0.0,2.4000000000000004,51.400000000000006,28.049999999999997,1,0,0,0,1,1.0,1
C135Y,Likely Oncogenic,C,Y,135,,20.5619,14.3483,77.9822,310,179,0.404956,0.594416,8,98.56,1.35,38,9.67,4,9,0.5347,-49.5,359.99,47.03,8.79,1.98,6.51,40.34,4.84,28.57,-271.0566,68.8793,-2,0.0,3.8,85.1,60.040000000000006,1,0,0,0,1,1.0,1
C141Y,Likely Oncogenic,C,Y,141,,33.2702,27.4014,80.5191,393,376,0.136449,0.186715,8,98.56,1.35,46,11.7,0,14,0.0,80.8,381.85,31.04,0.27,0.02,0.8,38.0,2.46,29.1,0.0,0.0,-2,0.0,3.8,85.1,60.040000000000006,1,0,0,0,1,1.0,1
C176F,Likely Oncogenic,C,F,176,,27.554,19.5243,114.2793,352,187,0.327922,0.510253,3,99.46,0.58,45,11.45,0,6,0.3739,-341.4,303.52,35.79,1.26,0.97,3.72,23.01,-9.51,13.49,-58.2228,-20.9544,-2,0.0,0.2999999999999998,81.4,44.040000000000006,1,1,0,1,1,1.0,1
C176R,Likely Oncogenic,C,R,176,,31.5949,28.4743,63.7124,393,388,0.098011,0.108502,5,99.1,0.77,43,10.94,4,9,0.0,-43.4,349.78,31.24,0.38,0.11,0.84,56.88,14.85,32.98,0.0,0.0,-3,1.0,7.0,64.9,53.05,1,1,0,1,1,1.0,1
C176S,Likely Oncogenic,C,S,176,,35.3059,28.0441,105.2436,390,330,0.168863,0.263656,6,98.92,1.16,55,13.99,6,18,0.0,-15.5,366.64,31.55,0.37,0.04,1.22,48.13,15.4,32.11,0.0,0.0,-1,0.0,3.3,19.5,16.060000000000002,1,1,0,1,1,1.0,1
C238Y,Likely Oncogenic,C,Y,238,,23.6182,17.6585,63.8522,345,191,0.338841,0.517011,12,97.83,2.31,49,12.47,0,14,0.0,-369.9,327.81,36.52,0.87,2.41,3.71,42.82,3.07,40.79,0.0,0.0,-2,0.0,3.8,85.1,60.040000000000006,1,1,0,1,1,1.0,1
C242F,Likely Oncogenic,C,F,242,,13.313,10.592,41.2276,286,149,0.459198,0.644155,4,99.28,0.77,39,9.92,2,9,0.0,-350.8,335.86,50.39,8.46,3.39,8.57,25.64,-6.99,13.91,0.0,0.0,-2,0.0,0.2999999999999998,81.4,44.040000000000006,1,1,0,1,1,1.0,1
C242S,Likely Oncogenic,C,S,242,,28.1234,22.0246,76.6807,392,331,0.18569,0.188962,10,98.19,1.73,50,12.72,0,12,0.0,63.1,369.13,31.31,0.08,0.46,0.79,49.46,11.43,46.27,0.0,0.0,-1,0.0,3.3,19.5,16.060000000000002,1,1,0,1,1,1.0,1
D21N,Unknown,D,N,21,,33.6655,28.52,82.7225,393,393,0.115168,0.172547,6,98.92,0.96,52,13.23,5,17,0.0,-12.4,394.81,30.73,0.1,0.02,0.61,28.28,-0.44,24.52,0.0,0.0,1,1.0,0.0,3.0,0.9900000000000091,0,0,0,0,-1,8.7854904e-11,0
D281E,Likely Oncogenic,D,E,281,,36.4893,30.7273,91.2037,387,375,0.123152,0.159119,9,98.38,1.54,66,16.79,5,17,0.0,32.6,338.13,30.28,0.03,0.0,0.26,44.22,0.44,64.84,0.0,0.0,2,0.0,0.0,27.30000000000001,14.030000000000001,1,0,1,0,1,1.0,1
D281G,Unknown,D,G,281,,32.7702,27.5468,79.163,392,385,0.118066,0.14848,5,99.1,0.96,37,9.41,1,7,0.8411,5.9,361.82,30.58,0.1,0.02,0.55,41.66,-3.17,31.49,201.3006,25.4121,-1,1.0,3.1,50.99999999999999,58.040000000000006,1,0,1,0,-1,1.0,1
D393E,Benign,D,E,393,,35.2479,32.4966,64.5182,387,371,0.094291,0.127988,6,98.92,1.16,54,13.74,0,7,0.0,-175.4,376.36,32.49,0.37,1.39,0.73,30.5,0.0,51.94,0.0,0.0,2,0.0,0.0,27.30000000000001,14.030000000000001,0,0,0,0,0,8.556449e-10,0
D49R,Unknown,D,R,49,,29.5919,26.9638,52.6055,390,372,0.114614,0.12498,4,99.28,0.77,44,11.2,0,13,0.0,-68.6,268.25,32.24,0.81,0.28,1.26,31.71,-0.33,31.7,0.0,0.0,-2,2.0,1.0,62.30000000000001,41.099999999999994,0,0,0,0,-1,1.0,1
E221K,Likely Oncogenic,E,K,221,,32.3929,28.1092,70.8251,393,389,0.108805,0.138305,9,98.38,1.54,38,9.67,0,10,0.0,-237.9,276.79,31.23,0.39,0.06,0.88,48.95,0.43,48.95,0.0,0.0,1,2.0,0.3999999999999999,30.19999999999999,0.950000000000017,1,0,0,0,1,1.0,1
E258K,Likely Oncogenic,E,K,258,,29.0433,25.1031,69.6723,393,389,0.118589,0.13516,14,97.47,1.73,67,17.05,7,17,0.0,210.0,427.24,30.85,0.05,0.23,0.57,64.79,5.28,92.52,0.0,0.0,1,2.0,0.3999999999999999,30.19999999999999,0.950000000000017,1,0,0,0,1,1.0,1
E285K,Unknown,E,K,285,,32.9137,26.4971,106.235,393,368,0.149314,0.21721,5,99.1,0.96,38,9.67,6,9,0.992,-304.0,299.92,31.84,0.88,0.07,1.14,42.76,1.54,27.32,-161.2168,-200.8323,1,2.0,0.3999999999999999,30.19999999999999,0.950000000000017,1,0,0,0,-1,1.0,1
E286K,Likely Oncogenic,E,K,286,,24.5827,19.7803,71.8381,392,300,0.229502,0.314644,11,98.01,1.73,48,12.21,6,9,0.0,224.8,430.41,35.58,2.08,0.52,3.07,56.75,6.11,64.55,0.0,0.0,1,2.0,0.3999999999999999,30.19999999999999,0.950000000000017,1,0,0,0,1,1.0,1
E294G,Unknown,E,G,294,,17.9474,12.0373,76.0222,268,117,0.48359,0.677852,6,98.92,1.16,38,9.67,1,13,0.0,157.1,386.77,59.78,11.71,7.42,10.67,45.6,1.2,49.54,0.0,0.0,-2,1.0,3.1,78.30000000000001,72.07000000000001,0,0,0,0,-1,1.0,1
E326N,Unknown,E,N,326,,36.5389,30.23,95.5595,393,363,0.129422,0.214963,6,98.92,1.16,53,13.49,5,17,0.0,228.9,412.98,30.57,0.06,0.02,0.58,31.76,-0.15,36.34,0.0,0.0,0,1.0,0.0,24.30000000000001,15.02000000000001,0,0,0,0,-1,0.021576805,0
E339D,Unknown,E,D,339,,14.6002,12.1249,39.6761,317,180,0.393108,0.586597,7,98.74,1.16,43,10.94,5,16,0.0,-249.9,304.2,42.79,3.97,2.67,6.21,29.13,-0.26,25.6,0.0,0.0,2,0.0,0.0,27.30000000000001,14.030000000000001,0,0,0,0,-1,0.0,0
E352D,Unknown,E,D,352,,17.8069,13.8234,60.2311,325,191,0.383051,0.598485,2,99.64,0.39,41,10.43,4,8,0.0,-205.9,370.36,46.33,4.26,5.35,6.79,24.11,-0.48,9.92,0.0,0.0,2,0.0,0.0,27.30000000000001,14.030000000000001,0,0,0,0,-1,0.0,0
E56D,Benign,E,D,56,,33.1264,27.2044,83.1058,388,322,0.17627,0.298413,4,99.28,0.77,48,12.21,1,10,0.0,-277.2,347.13,31.01,0.26,0.03,0.86,22.61,0.0,25.81,0.0,0.0,2,0.0,0.0,27.30000000000001,14.030000000000001,0,0,0,0,0,5.0741744e-09,0
F113N,Unknown,F,N,113,,33.4611,27.5584,83.0727,389,378,0.121819,0.12802,5,99.1,0.77,43,10.94,4,17,0.0,10.0,354.05,30.64,0.08,0.04,0.55,45.15,11.47,21.48,0.0,0.0,-3,0.0,6.3,75.80000000000001,33.08000000000001,1,0,0,0,-1,1.0,1
F270L,Likely Oncogenic,F,L,270,,34.4647,28.0609,89.3195,390,346,0.15554,0.228595,6,98.92,0.96,56,14.25,5,19,0.0,-250.4,294.05,30.95,0.15,0.04,0.91,36.17,-0.2,36.6,0.0,0.0,0,0.0,1.0,23.200000000000017,34.02000000000001,1,0,0,0,1,1.0,1
F341K,Unknown,F,K,341,,35.9703,30.6307,86.2546,392,376,0.100914,0.098627,4,99.28,0.77,43,10.94,6,12,0.0,53.0,403.07,30.5,0.07,0.02,0.44,47.59,13.74,27.05,0.0,0.0,-3,1.0,6.699999999999999,21.30000000000001,19.01000000000002,0,0,0,0,-1,1.0,1
F54S,Unknown,F,S,54,,29.5204,20.7641,90.4993,383,191,0.317243,0.49046,10,98.19,1.93,60,15.27,5,12,0.0,-276.7,372.99,36.97,2.4,0.8,3.82,41.73,2.08,61.28,0.0,0.0,-2,0.0,3.5999999999999996,100.9,60.10000000000001,0,0,0,0,-1,1.0,1
G108L,Unknown,G,L,108,,25.9235,21.1284,77.1628,372,314,0.215393,0.300911,10,98.19,1.93,60,15.27,4,14,0.0,349.1,366.95,34.42,2.98,0.08,1.37,37.01,-15.95,55.38,0.0,0.0,-4,0.0,4.2,106.6,56.11,1,0,0,0,-1,1.0,1
G187T,Unknown,G,T,187,,20.2392,15.5447,65.4909,352,223,0.326901,0.495243,3,99.46,0.58,45,11.45,4,16,0.0,-360.5,282.15,42.49,3.69,3.09,5.82,18.05,0.0,9.64,0.0,0.0,-2,0.0,0.29999999999999993,55.99999999999999,44.05,1,0,0,1,-1,1.0,1
G244C,Likely Oncogenic,G,C,244,,19.8936,13.7789,62.7846,291,143,0.456315,0.667417,6,98.92,1.16,40,10.18,0,8,0.0,-311.0,294.21,55.19,9.13,6.39,9.78,34.12,-5.59,24.29,0.0,0.0,-3,0.0,2.9,48.4,46.09,1,0,0,1,1,1.0,1
G245D,Unknown,G,D,245,,32.198,28.4099,72.6702,392,370,0.112904,0.116978,9,98.38,1.73,33,8.4,0,2,0.5148,-113.5,348.65,31.53,0.59,0.07,0.93,48.72,2.55,41.95,121.0341,78.7186,-1,1.0,3.1,50.99999999999999,58.040000000000006,1,0,0,1,-1,1.0,1
G245S,Likely Oncogenic,G,S,245,,33.4872,27.6156,76.5241,393,380,0.136129,0.205182,9,98.38,1.54,42,10.69,0,3,0.4865,-322.0,291.56,31.19,0.37,0.05,1.13,36.57,1.73,33.45,203.0608,-25.3075,0,0.0,0.4,28.9,30.03,1,0,0,1,1,1.0,1
G266V,Unknown,G,V,266,,27.2404,21.7823,74.4253,357,285,0.244231,0.403985,12,97.83,2.31,65,16.54,0,18,0.0,-171.5,348.36,33.87,2.2,0.1,2.05,49.13,-15.6,81.48,0.0,0.0,-3,0.0,4.6000000000000005,79.9,42.08,1,0,0,0,-1,1.0,1
G302R,Unknown,G,R,302,,30.93,24.8075,85.2721,392,385,0.138598,0.168476,5,99.1,0.77,43,10.94,2,5,0.0,296.3,393.93,30.72,0.07,0.11,0.63,32.09,0.0,36.01,0.0,0.0,-2,1.0,4.1,113.30000000000001,99.14,0,0,0,0,-1,1.0,1
H179Q,Likely Oncogenic,H,Q,179,,32.1877,27.7275,75.6934,392,386,0.108149,0.112673,12,97.83,2.31,35,8.91,0,4,0.0,-67.6,318.08,30.72,0.07,0.13,0.57,44.02,3.81,52.99,0.0,0.0,0,0.1,0.2999999999999998,9.399999999999977,9.009999999999991,1,1,0,1,1,1.0,1
H179R,Likely Oncogenic,H,R,179,,31.2106,24.7379,85.8348,391,377,0.148141,0.167334,9,98.38,1.54,54,13.74,5,18,0.6691,181.0,457.48,30.88,0.09,0.13,0.7,46.4,5.11,43.83,222.9935,89.8136,0,0.9,1.2999999999999998,20.200000000000017,19.05000000000001,1,1,0,1,1,1.0,1
H193R,Likely Oncogenic,H,R,193,,22.7217,17.5329,67.7954,350,253,0.298569,0.449283,12,97.83,2.31,48,12.21,1,12,0.5673,69.8,333.77,44.63,8.13,1.4,5.11,44.28,5.2,34.92,-216.3037,42.1832,0,0.9,1.2999999999999998,20.200000000000017,19.05000000000001,1,0,0,1,1,1.0,1
H380R,Unknown,H,R,380,,30.918,26.1906,76.5781,391,375,0.128527,0.142557,6,98.92,0.96,49,12.47,4,14,0.0,-11.0,309.12,31.21,0.35,0.07,0.99,29.1,0.0,36.54,0.0,0.0,0,0.9,1.2999999999999998,20.200000000000017,19.05000000000001,0,0,0,0,-1,1.0,1
I195T,Unknown,I,T,195,,32.5522,26.6831,88.3443,383,346,0.156037,0.233228,15,97.29,2.7,46,11.7,2,11,0.3264,252.2,445.64,34.78,3.96,0.05,0.93,67.11,19.53,60.36,-158.9741,-163.6576,-1,0.0,5.2,50.599999999999994,12.060000000000002,1,0,0,1,-1,1.0,1
I251F,Likely Oncogenic,I,F,251,,26.8467,20.9713,71.4346,379,260,0.252117,0.378361,7,98.74,1.35,52,13.23,4,12,0.0,-187.6,369.28,35.47,2.99,0.2,2.29,42.45,-2.71,57.78,0.0,0.0,0,0.0,1.7000000000000002,23.200000000000017,34.02000000000001,1,0,0,0,1,1.0,1
K132R,Benign,K,R,132,,17.7668,12.6535,46.7445,214,145,0.483595,0.734413,4,99.28,0.58,57,14.5,6,10,0.339,-115.6,410.06,49.36,6.64,4.7,8.08,33.41,-5.01,40.73,-186.8956,164.7839,2,0.0,0.6000000000000001,4.800000000000011,28.02000000000001,1,0,0,0,0,0.0,0
K164E,Likely Oncogenic,K,E,164,,36.0598,30.027,73.2687,392,360,0.135567,0.195454,7,98.74,1.16,39,9.92,0,3,0.0,-402.4,284.75,30.86,0.26,0.01,0.65,39.23,-2.77,25.21,0.0,0.0,1,2.0,0.3999999999999999,30.19999999999999,0.950000000000017,1,0,0,1,1,1.0,1
K292R,Unknown,K,R,292,,24.399,21.0555,52.4321,376,316,0.205016,0.302848,10,98.19,1.73,37,9.41,0,6,0.0,-354.4,333.84,35.57,2.37,0.31,2.9,35.07,-1.82,36.21,0.0,0.0,2,0.0,0.6000000000000001,4.800000000000011,28.02000000000001,1,0,0,0,-1,0.048719335,0
K319T,Unknown,K,T,319,,29.1008,22.5343,95.4796,365,309,0.225752,0.378313,7,98.74,1.16,37,9.41,1,6,0.0,-68.4,372.87,35.54,1.19,1.67,2.7,26.55,0.0,20.77,0.0,0.0,-1,1.0,3.2,52.5,27.069999999999993,0,0,0,0,-1,0.9996113,1
K372S,Unknown,K,S,372,,33.2867,28.1658,77.615,393,393,0.111866,0.157871,10,98.19,1.73,38,9.67,4,16,0.0,-50.3,467.19,30.66,0.13,0.03,0.64,31.87,0.0,38.75,0.0,0.0,0,1.0,3.0999999999999996,79.6,41.08999999999999,0,0,0,0,-1,1.0,1
K382R,Unknown,K,R,382,,31.7023,26.9337,74.396,389,377,0.124137,0.134004,7,98.74,1.16,36,9.16,0,6,0.9305,190.2,348.45,31.13,0.29,0.05,0.82,27.98,0.0,41.51,200.0934,54.7435,2,0.0,0.6000000000000001,4.800000000000011,28.02000000000001,0,0,0,0,-1,0.0010253937,0
L130F,Likely Oncogenic,L,F,130,,18.5312,14.5349,53.475,356,174,0.355863,0.541331,2,99.64,0.39,47,11.96,1,10,0.0,99.2,340.92,36.49,1.33,1.57,3.66,32.62,-0.04,20.72,0.0,0.0,0,0.0,1.0,23.200000000000017,34.02000000000001,1,0,0,0,1,1.0,1
L14V,Benign,L,V,14,,17.2207,14.9122,50.1984,359,273,0.290418,0.422392,4,99.28,0.77,46,11.7,4,15,0.0,-275.0,236.94,42.49,5.7,1.85,4.97,25.92,1.87,10.89,0.0,0.0,1,0.0,0.40000000000000036,26.69999999999999,14.030000000000001,0,0,0,0,0,8.754487e-09,0
L194R,Unknown,L,R,194,,32.8773,28.0744,74.2709,392,379,0.121541,0.147928,6,98.92,0.96,46,11.7,4,22,0.4987,-334.2,362.8,31.11,0.41,0.03,0.79,59.38,20.51,26.95,172.3317,18.9921,-2,1.0,8.3,6.700000000000017,43.03,1,0,0,1,-1,1.0,1
L22F,Unknown,L,F,22,,29.3793,26.1149,65.4145,393,388,0.113236,0.129428,6,98.92,0.96,58,14.76,5,13,2.2223,294.2,489.75,31.23,0.29,0.11,0.91,36.75,0.26,50.45,128.9026,47.9836,0,0.0,1.0,23.200000000000017,34.02000000000001,0,0,0,0,-1,0.9997726,1
L25V,Benign,L,V,25,,29.8216,24.9802,76.1242,382,338,0.169318,0.265621,5,99.1,0.96,43,10.94,6,9,0.0,-245.2,346.24,36.4,5.13,0.09,1.4,27.64,1.81,21.92,0.0,0.0,1,0.0,0.40000000000000036,26.69999999999999,14.030000000000001,0,0,0,0,0,1.4942813e-08,0
L344R,Unknown,L,R,344,,22.5967,18.015,54.6317,349,243,0.301203,0.48365,12,97.83,2.12,61,15.52,4,17,2.4827,99.3,429.17,36.89,2.86,0.53,3.51,52.58,13.01,43.88,-136.925,19.8845,-2,1.0,8.3,6.700000000000017,43.03,0,0,0,0,-1,1.0,1
M237I,Likely Oncogenic,M,I,237,,19.7161,16.012,48.3112,346,244,0.316272,0.444553,4,99.28,0.77,34,8.65,4,11,0.4652,-94.2,316.44,36.29,3.25,0.26,2.82,30.31,-3.76,16.51,-198.3001,91.3911,1,0.0,2.6,3.799999999999983,18.039999999999992,1,0,0,1,1,1.0,1
M40N,Unknown,M,N,40,,26.7035,21.3794,74.2536,356,289,0.249053,0.391525,7,98.74,1.16,49,12.47,5,12,0.0,96.9,312.07,37.05,4.43,0.19,2.47,37.47,4.12,41.33,0.0,0.0,-2,0.0,5.4,48.80000000000001,17.099999999999994,0,0,0,0,-1,8.8245315e-06,0
N210S,Unknown,N,S,210,,32.7993,28.1853,73.0408,391,366,0.126317,0.142405,8,98.56,1.35,42,10.69,4,9,0.0,105.5,373.54,31.35,0.6,0.04,0.85,41.71,-0.18,44.31,0.0,0.0,1,0.0,2.7,25.099999999999994,27.019999999999996,1,0,0,0,-1,1.0,1
N239D,Unknown,N,D,239,,22.0229,17.6584,65.9711,352,268,0.286186,0.40138,12,97.83,2.12,38,9.67,4,9,0.4539,-70.6,340.61,37.0,3.79,0.26,2.97,43.07,1.03,42.74,-178.0903,75.7738,1,1.0,0.0,3.0,0.9900000000000091,1,0,0,1,-1,1.0,1
N247D,Unknown,N,D,247,,30.7411,22.3831,123.4064,369,302,0.237384,0.347118,9,98.38,1.73,43,10.94,1,10,0.3086,-277.7,321.57,37.88,5.45,0.16,2.3,36.55,0.61,25.17,-275.6046,-147.4996,1,1.0,0.0,3.0,0.9900000000000091,1,0,0,1,-1,1.0,1
N29S,Unknown,N,S,29,,33.001,27.734,80.5051,391,378,0.123941,0.141356,7,98.74,1.16,59,15.01,5,17,0.0,153.0,444.16,30.76,0.16,0.03,0.63,33.52,0.0,52.58,0.0,0.0,1,0.0,2.7,25.099999999999994,27.019999999999996,0,0,0,0,-1,1.0,1
N345S,Unknown,N,S,345,,33.1697,29.7199,70.2155,393,377,0.096783,0.097263,7,98.74,1.16,48,12.21,5,15,1.0964,-114.1,355.76,30.76,0.16,0.07,0.61,31.34,-0.4,26.34,178.4555,39.587,1,0.0,2.7,25.099999999999994,27.019999999999996,0,0,0,0,-1,1.0,1
P152L,Likely Oncogenic,P,L,152,,27.6545,21.6423,91.1161,372,323,0.211569,0.318862,5,99.1,0.96,34,8.65,4,9,0.0,-381.7,371.31,40.78,7.94,0.3,2.62,34.9,-4.51,25.26,0.0,0.0,-3,0.0,5.4,53.999999999999986,16.039999999999992,1,0,0,0,1,1.0,1
P250L,Likely Oncogenic,P,L,250,,33.8884,27.0225,93.9755,393,334,0.168538,0.275141,8,98.56,1.54,51,12.98,1,11,0.0,93.9,407.84,31.2,0.16,0.06,1.05,36.64,-20.32,63.13,0.0,0.0,-3,0.0,5.4,53.999999999999986,16.039999999999992,1,0,0,1,1,1.0,1
P278R,Likely Oncogenic,P,R,278,,17.9795,13.2649,68.9682,310,177,0.406162,0.607503,14,97.47,2.7,46,11.7,4,15,0.0,-289.8,274.8,52.37,9.33,4.21,8.97,43.99,1.92,36.03,0.0,0.0,-2,1.0,2.9,60.7,59.06999999999999,1,0,0,0,1,1.0,1
P278S,Likely Oncogenic,P,S,278,,36.5299,30.8965,88.0917,393,388,0.101773,0.126616,3,99.46,0.58,45,11.45,4,9,0.7808,-818.4,305.16,30.83,0.2,0.02,0.7,31.56,1.24,17.8,206.5462,-11.8705,-1,0.0,0.8,23.700000000000003,10.040000000000006,1,0,0,0,1,1.0,1
P34L,Benign,P,L,34,,32.0017,24.8494,118.1909,380,324,0.19135,0.284584,7,98.74,1.35,50,12.72,4,11,0.0,-8.8,358.44,36.31,5.06,0.09,1.33,33.8,0.0,44.12,0.0,0.0,-3,0.0,5.4,53.999999999999986,16.039999999999992,0,0,0,0,0,5.0830445e-10,0
P36G,Unknown,P,G,36,,19.4784,15.513,90.208,364,264,0.290623,0.416792,10,98.19,1.93,57,14.5,0,10,0.0,51.6,301.01,40.32,2.72,3.02,4.67,28.6,0.0,41.49,0.0,0.0,-2,0.0,1.2000000000000002,52.6,40.07000000000001,0,0,0,0,-1,1.0,1
P47S,Benign,P,S,47,,22.0739,15.6816,55.8668,282,153,0.439306,0.674041,6,98.92,1.16,48,12.21,6,17,1.8817,-11.6,316.24,51.21,8.93,3.51,8.79,31.93,0.24,38.86,-123.5672,118.8387,-1,0.0,0.8,23.700000000000003,10.040000000000006,0,0,0,0,0,0.0,0
P71V,Unknown,P,V,71,,20.3495,15.255,82.3904,350,198,0.344092,0.520759,5,99.1,0.77,58,14.76,6,16,0.0,-33.6,449.34,43.53,5.74,1.94,5.94,33.52,0.0,41.79,0.0,0.0,-2,0.0,5.800000000000001,27.299999999999997,2.009999999999991,0,0,0,0,-1,0.9999908,1
P72R,Benign,P,R,72,,37.0815,30.255,103.8021,393,367,0.132383,0.215874,9,98.38,1.54,66,16.79,4,18,1.6363,142.4,482.94,30.46,0.02,0.07,0.43,32.42,0.0,41.28,204.7794,-104.19,-2,1.0,2.9,60.7,59.06999999999999,0,0,0,0,0,8.351137e-09,0
P85S,Unknown,P,S,85,,34.2345,28.7576,119.9061,393,390,0.103495,0.128747,9,98.38,1.54,64,16.28,5,17,0.0,-191.3,353.2,30.92,0.23,0.08,0.82,29.71,0.0,46.56,0.0,0.0,-1,0.0,0.8,23.700000000000003,10.040000000000006,0,0,0,0,-1,1.0,1
Q331R,Unknown,Q,R,331,,28.6333,25.7145,58.7513,393,380,0.117659,0.135007,10,98.19,1.73,47,11.96,4,11,0.0,344.1,358.29,31.93,0.39,0.34,1.21,35.16,0.0,56.98,0.0,0.0,1,1.0,1.0,29.599999999999994,28.060000000000002,0,0,0,0,-1,1.0,1
Q375H,Unknown,Q,H,375,,35.1303,25.4549,134.3561,382,330,0.18793,0.270784,6,98.92,1.16,42,10.69,5,10,0.0,178.2,341.46,31.99,1.23,0.04,0.73,26.45,0.0,36.8,0.0,0.0,0,0.1,0.2999999999999998,9.399999999999977,9.009999999999991,0,0,0,0,-1,1.0,1
Q5T,Unknown,Q,T,5,,29.9808,23.3519,90.5938,378,333,0.188287,0.282312,3,99.46,0.58,34,8.65,4,9,0.0,-392.5,286.34,34.86,3.63,0.08,1.21,22.84,0.0,16.83,0.0,0.0,-1,0.0,2.8,27.700000000000017,27.03,0,0,0,0,-1,1.0,1
R110P,Likely Oncogenic,R,P,110,,31.8022,26.0431,76.4237,391,326,0.170326,0.269408,8,98.56,1.35,50,12.72,4,19,0.0,-183.4,401.06,31.31,0.37,0.03,1.04,43.17,-0.71,39.06,0.0,0.0,-2,1.0,2.9,60.7,59.06999999999999,1,0,0,0,1,1.0,1
R156H,Likely Oncogenic,R,H,156,,32.3977,27.8288,93.1909,391,389,0.109634,0.149057,6,98.92,0.96,37,9.41,5,10,0.0,-241.0,364.99,31.02,0.16,0.09,0.84,34.28,-2.84,20.39,0.0,0.0,0,0.9,1.2999999999999998,20.200000000000017,19.05000000000001,1,0,0,0,1,1.0,1
R158H,Likely Oncogenic,R,H,158,,33.4055,28.3399,81.3777,391,386,0.110432,0.139947,7,98.74,1.16,42,10.69,4,18,0.5886,-265.0,312.89,30.51,0.06,0.02,0.46,35.67,-3.95,26.76,210.404,19.5997,0,0.9,1.2999999999999998,20.200000000000017,19.05000000000001,1,0,0,0,1,1.0,1
R158L,Likely Oncogenic,R,L,158,,32.2115,28.1418,74.4303,392,380,0.111147,0.122879,6,98.92,0.96,39,9.92,0,11,0.8212,-231.9,267.31,31.13,0.48,0.05,0.84,27.68,-26.45,22.22,178.979,62.7853,-2,1.0,8.3,6.700000000000017,43.03,1,0,0,0,1,1.0,1
R175C,Unknown,R,C,175,,25.8032,21.0416,71.5208,363,306,0.233437,0.359592,9,98.38,1.54,47,11.96,4,17,0.3897,-411.6,255.57,39.7,6.95,0.23,2.54,36.64,-15.15,21.43,-164.0263,-0.8847,-3,1.0,7.0,64.9,53.05,1,0,0,1,-1,1.0,1
R175G,Unknown,R,G,175,,32.1425,24.5765,99.737,383,339,0.178328,0.264122,8,98.56,1.54,37,9.41,1,9,0.543,21.6,306.88,35.8,4.32,0.09,1.4,43.01,-0.74,26.28,-252.4302,-140.1991,-2,1.0,4.1,113.30000000000001,99.14,1,0,0,1,-1,4.1647914e-07,0
R175H,Likely Oncogenic,R,H,175,,31.8538,26.6426,81.1783,389,382,0.12194,0.136948,8,98.56,1.54,40,10.18,1,10,0.6101,348.5,476.12,30.49,0.09,0.04,0.56,41.74,-6.08,51.41,199.5505,63.9835,0,0.9,1.2999999999999998,20.200000000000017,19.05000000000001,1,0,0,1,1,1.0,1
R196Q,Likely Oncogenic,R,Q,196,,33.2095,25.6807,108.1983,381,336,0.168205,0.26092,12,97.83,2.12,49,12.47,4,17,0.0,-6.8,399.4,34.4,3.39,0.05,0.97,59.05,0.25,42.34,0.0,0.0,1,1.0,1.0,29.599999999999994,28.060000000000002,1,0,0,0,1,1.0,1
R213Q,Likely Oncogenic,R,Q,213,,8.2168,6.3231,29.1086,180,64,0.644262,0.770854,4,99.28,0.77,49,12.47,1,11,0.8324,175.0,436.22,64.99,10.74,12.8,11.52,44.09,1.6,44.16,-184.6081,269.0069,1,1.0,1.0,29.599999999999994,28.060000000000002,1,0,0,0,1,1.0,1
R248G,Likely Oncogenic,R,G,248,,30.1166,26.6163,67.9745,393,372,0.11961,0.14728,8,98.56,1.35,54,13.74,6,14,0.0,167.9,339.25,32.63,1.32,0.1,1.23,53.13,-1.26,61.6,0.0,0.0,-2,1.0,4.1,113.30000000000001,99.14,1,0,1,1,1,1.0,1
R248L,Unknown,R,L,248,,21.5996,18.2463,78.5527,375,319,0.231923,0.335275,6,98.92,0.96,55,13.99,4,17,0.2691,-157.6,311.29,37.15,1.73,2.23,3.27,56.47,-11.15,18.93,-95.0849,59.7611,-2,1.0,8.3,6.700000000000017,43.03,1,0,1,1,-1,1.0,1
R248Q,Likely Oncogenic,R,Q,248,,22.192,18.6064,56.1675,371,277,0.250781,0.362626,10,98.19,1.73,45,11.45,2,6,0.4284,-354.6,268.0,36.36,2.74,0.36,3.29,42.23,-0.2,36.15,-126.9055,53.7076,1,1.0,1.0,29.599999999999994,28.060000000000002,1,0,1,1,1,1.0,1
R248W,Likely Oncogenic,R,W,248,,32.6174,25.6773,98.4201,377,292,0.217295,0.363863,4,99.28,0.77,41,10.43,4,10,0.3736,-577.4,245.47,33.27,1.09,0.12,2.12,35.02,-7.55,18.18,141.4263,-66.3047,-3,1.0,3.6,54.400000000000006,30.02000000000001,1,0,1,1,1,1.0,1
R249G,Unknown,R,G,249,,35.1811,29.3163,93.9354,382,348,0.138698,0.219786,6,98.92,1.16,49,12.47,4,14,0.3544,-299.3,269.65,34.74,3.99,0.04,1.01,40.15,-0.94,26.32,-90.3529,-259.7646,-2,1.0,4.1,113.30000000000001,99.14,1,0,0,1,-1,1.0,1
R249S,Likely Oncogenic,R,S,249,,34.2997,26.2434,114.0848,386,331,0.171967,0.267452,12,97.83,2.31,41,10.43,5,11,0.5579,-217.6,345.36,31.34,0.81,0.01,0.59,43.87,0.22,37.94,-195.8067,-191.0335,-1,1.0,3.7,84.4,69.11,1,0,0,1,1,1.0,1
R249T,Likely Oncogenic,R,T,249,,16.7298,13.3885,54.2777,318,222,0.371859,0.543447,10,98.19,1.73,40,10.18,4,14,0.0,-291.6,318.28,49.5,2.96,10.07,6.49,43.24,-1.74,34.75,0.0,0.0,-1,1.0,3.8,57.30000000000001,55.09,1,0,0,1,1,1.0,1
R267W,Unknown,R,W,267,,30.4295,27.289,74.3572,393,376,0.11126,0.142409,8,98.56,1.35,49,12.47,4,16,0.0,-823.5,317.17,32.07,0.96,0.1,1.15,29.05,-23.12,36.95,0.0,0.0,-3,1.0,3.6,54.400000000000006,30.02000000000001,1,0,0,0,-1,1.0,1
R273C,Likely Oncogenic,R,C,273,,29.3747,23.7743,111.6015,380,330,0.186285,0.28688,3,99.46,0.39,43,10.94,0,12,0.5819,-375.7,283.25,34.88,3.25,0.07,1.66,32.87,-14.72,11.64,50.244,-65.464,-3,1.0,7.0,64.9,53.05,1,0,1,0,1,1.0,1
R273H,Likely Oncogenic,R,H,273,,20.9865,17.4253,52.9083,357,285,0.272317,0.431389,4,99.28,0.77,27,6.87,0,6,0.3338,-492.9,317.14,37.58,1.3,3.05,3.32,35.2,-5.98,13.29,-149.2238,63.2202,0,0.9,1.2999999999999998,20.200000000000017,19.05000000000001,1,0,1,0,1,1.0,1
R273L,Likely Oncogenic,R,L,273,,30.1157,24.4672,98.8411,377,324,0.190395,0.288742,4,99.28,0.58,45,11.45,0,13,0.5973,-638.8,233.97,36.36,4.68,0.08,1.77,28.26,-25.44,14.65,81.8582,-56.5485,-2,1.0,8.3,6.700000000000017,43.03,1,0,1,0,1,1.0,1
R280K,Unknown,R,K,280,,24.7245,18.9739,74.1967,351,268,0.283393,0.447389,5,99.1,0.96,43,10.94,4,16,0.5083,-244.2,325.61,40.12,3.68,2.38,4.11,33.11,3.75,17.55,-193.7382,13.3062,2,0.0,0.6000000000000001,4.800000000000011,28.02000000000001,1,0,1,0,-1,1.0,1
R280T,Likely Oncogenic,R,T,280,,37.7316,32.3133,79.9135,390,383,0.106049,0.146616,3,99.46,0.58,64,16.28,5,19,0.0,-152.7,343.59,30.25,0.05,0.01,0.29,42.01,-2.54,29.72,0.0,0.0,-1,1.0,3.8,57.30000000000001,55.09,1,0,1,0,1,1.0,1
R282Q,Unknown,R,Q,282,,31.5187,27.1045,72.7919,393,372,0.122876,0.14593,6,98.92,1.16,47,11.96,2,6,0.9237,162.0,384.55,31.1,0.34,0.02,0.75,48.09,1.74,56.55,174.3929,39.6706,1,1.0,1.0,29.599999999999994,28.060000000000002,1,0,0,0,-1,1.0,1
R282W,Likely Oncogenic,R,W,282,,28.8514,24.7036,106.1541,388,358,0.14925,0.177085,8,98.56,1.54,48,12.21,0,9,0.3659,111.9,409.43,34.29,0.89,1.49,1.95,34.86,-11.36,27.25,67.6238,24.7172,-3,1.0,3.6,54.400000000000006,30.02000000000001,1,0,0,0,1,1.0,1
R306P,Likely Oncogenic,R,P,306,,32.7287,27.7912,79.7592,389,380,0.125345,0.139962,8,98.56,1.35,34,8.65,1,10,0.0,-277.7,271.95,30.64,0.18,0.02,0.65,28.06,0.0,26.84,0.0,0.0,-2,1.0,2.9,60.7,59.06999999999999,0,0,0,0,1,1.0,1
R337H,Benign,R,H,337,,32.9437,28.0587,79.3614,393,379,0.108241,0.108039,5,99.1,0.77,57,14.5,5,15,1.0282,21.0,422.29,30.48,0.07,0.08,0.53,34.33,-3.2,36.11,222.4908,78.6933,0,0.9,1.2999999999999998,20.200000000000017,19.05000000000001,0,0,0,0,0,1.6624664e-12,0
R342P,Unknown,R,P,342,,36.0602,30.7337,74.4166,393,365,0.119404,0.186312,8,98.56,1.54,45,11.45,4,10,1.437,-260.4,345.33,30.34,0.03,0.03,0.47,39.19,1.86,40.68,204.8227,-99.5202,-2,1.0,2.9,60.7,59.06999999999999,0,0,0,0,-1,1.0,1
S166L,Unknown,S,L,166,,33.6555,28.6331,77.5769,393,381,0.116769,0.140628,4,99.28,0.77,44,11.2,4,17,0.0,-319.4,357.3,30.85,0.26,0.02,0.66,31.02,-6.27,19.56,0.0,0.0,-2,0.0,4.6,77.69999999999999,26.08,1,0,0,1,-1,1.0,1
S240N,Unknown,S,N,240,,24.1639,20.6536,57.938,375,327,0.205231,0.294311,9,98.38,1.73,50,12.72,6,13,0.0,160.8,386.31,34.93,1.08,1.56,2.32,53.02,0.45,70.86,0.0,0.0,1,0.0,2.7,25.099999999999994,27.019999999999996,1,0,0,1,-1,1.0,1
S241F,Unknown,S,F,241,,37.8149,31.369,118.9661,389,362,0.116168,0.180383,4,99.28,0.58,63,16.03,0,12,0.3857,-228.1,303.87,32.79,2.18,0.04,0.73,30.1,-13.36,29.86,-119.3378,-318.4944,-2,0.0,3.5999999999999996,100.9,60.10000000000001,1,0,1,1,-1,1.0,1
S313R,Unknown,S,R,313,,33.9092,28.7152,77.4614,393,358,0.13004,0.201125,5,99.1,0.77,45,11.45,4,8,0.0,144.0,325.12,31.12,0.57,0.01,0.59,29.52,0.0,28.89,0.0,0.0,-1,1.0,3.7,84.4,69.11,0,0,0,0,-1,1.0,1
S366A,Unknown,S,A,366,,32.7697,26.0981,87.1504,386,329,0.180021,0.288984,4,99.28,0.77,43,10.94,0,8,0.0,-102.2,317.86,34.06,2.75,0.09,1.47,23.77,0.0,20.61,0.0,0.0,1,0.0,2.6,0.4000000000000057,16.0,0,0,0,0,-1,1.0,1
S378Q,Unknown,S,Q,378,,23.9704,20.4396,55.7787,384,325,0.200599,0.277261,5,99.1,0.77,48,12.21,1,8,0.0,83.6,344.01,36.15,3.61,0.3,2.52,26.99,0.0,30.93,0.0,0.0,0,0.0,2.7,54.80000000000001,41.05,0,0,0,0,-1,1.0,1
S46E,Unknown,S,E,46,,32.9965,28.5121,74.9896,391,379,0.106347,0.118769,7,98.74,1.16,50,12.72,4,15,0.0,5.6,343.09,30.63,0.11,0.03,0.54,29.7,0.61,21.96,0.0,0.0,0,1.0,2.7,49.400000000000006,42.040000000000006,0,0,0,0,-1,1.0,1
T125M,Unknown,T,M,125,,26.5572,19.0224,98.683,358,180,0.331304,0.501926,8,98.56,1.54,49,12.47,4,17,0.4715,-366.6,309.4,39.57,2.57,2.23,4.97,21.57,-19.45,22.25,-56.3594,33.1686,-1,0.0,2.5999999999999996,46.80000000000001,30.099999999999994,1,0,0,0,-1,1.0,1
T155I,Likely Oncogenic,T,I,155,,33.7498,28.0508,81.7572,393,372,0.130352,0.159245,9,98.38,1.73,56,14.25,4,21,0.0,53.5,387.05,30.84,0.25,0.01,0.58,39.55,-14.98,61.13,0.0,0.0,-1,0.0,5.2,50.599999999999994,12.060000000000002,1,0,0,0,1,1.0,1
T253I,Likely Oncogenic,T,I,253,,26.1832,18.5512,120.2325,393,256,0.263732,0.383217,7,98.74,1.16,35,8.91,1,6,0.0,-46.4,344.09,37.18,2.79,1.09,3.31,26.75,-17.78,20.68,0.0,0.0,-1,0.0,5.2,50.599999999999994,12.060000000000002,1,0,0,0,1,1.0,1
T387V,Unknown,T,V,387,,18.0304,13.5402,62.5983,335,193,0.373664,0.542093,3,99.46,0.58,30,7.63,4,17,0.0,-330.7,235.47,44.8,6.82,2.1,6.03,24.6,0.0,15.34,0.0,0.0,0,0.0,4.9,23.900000000000006,1.9699999999999989,0,0,0,0,-1,1.89e-43,0
V143A,Unknown,V,A,143,,35.4997,28.8053,119.164,393,377,0.130283,0.195343,5,99.1,0.77,46,11.7,4,16,0.561,39.6,336.26,30.58,0.09,0.02,0.55,40.55,10.73,24.67,227.122,-91.3058,0,0.0,2.4000000000000004,51.400000000000006,28.049999999999997,1,0,0,0,-1,1.0,1
V157F,Likely Oncogenic,V,F,157,,32.2828,28.7963,67.5769,393,392,0.09678,0.113808,2,99.64,0.39,49,12.47,4,22,0.8548,-158.3,265.63,31.1,0.24,0.12,0.79,28.48,-6.81,21.61,157.8513,23.2622,-1,0.0,1.4000000000000004,49.900000000000006,48.05000000000001,1,0,0,0,1,1.0,1
V173L,Likely Oncogenic,V,L,173,,17.7013,15.8644,35.8944,364,304,0.258797,0.386824,3,99.46,0.58,45,11.45,0,12,0.0,-243.6,377.07,42.85,6.06,1.83,5.06,25.49,-7.59,13.54,0.0,0.0,1,0.0,0.40000000000000036,26.69999999999999,14.030000000000001,1,0,0,1,1,1.0,1
V217M,Benign,V,M,217,,24.4862,19.5441,64.75,358,265,0.275908,0.432048,5,99.1,0.96,51,12.98,5,15,0.0,241.6,403.94,33.77,0.43,0.97,2.44,34.77,-0.04,24.86,0.0,0.0,1,0.0,2.3000000000000003,22.900000000000006,32.06999999999999,1,0,0,0,0,2.5020583e-16,0
V272M,Unknown,V,M,272,,28.2678,23.6789,86.01,376,337,0.176203,0.263833,7,98.74,1.35,55,13.99,4,16,0.7612,-153.6,285.86,38.1,5.72,0.2,2.47,32.05,-0.51,19.31,-154.973,-14.4679,1,0.0,2.3000000000000003,22.900000000000006,32.06999999999999,1,0,0,0,-1,5.0281623e-16,0
V31I,Unknown,V,I,31,,30.9209,27.7564,59.4764,391,373,0.110588,0.123744,6,98.92,1.16,33,8.4,0,4,0.0,-300.0,291.72,31.99,0.54,0.33,1.2,27.63,-0.6,36.06,0.0,0.0,3,0.0,0.2999999999999998,26.69999999999999,14.030000000000001,0,0,0,0,-1,1.0,1
W146C,Likely Oncogenic,W,C,146,,20.7398,17.9674,53.7539,368,309,0.233804,0.353702,11,98.01,2.12,39,9.92,4,12,0.0,-399.4,273.45,42.75,7.92,0.89,4.14,39.71,2.08,34.11,0.0,0.0,-2,0.0,3.4,119.30000000000001,83.07000000000001,1,0,0,0,1,1.0,1
W23R,Unknown,W,R,23,,36.4377,30.3933,91.897,392,366,0.122279,0.165932,4,99.28,0.58,55,13.99,1,8,2.5898,166.3,474.07,30.32,0.05,0.0,0.32,39.41,5.66,34.81,194.2185,-150.4067,-3,1.0,3.6,54.400000000000006,30.02000000000001,0,0,0,0,-1,1.0,1
W91L,Unknown,W,L,91,,32.9346,28.1242,82.3927,393,386,0.114649,0.143998,11,98.01,2.12,50,12.72,5,10,0.0,194.3,411.26,30.82,0.2,0.02,0.63,46.61,-1.3,57.26,0.0,0.0,-2,0.0,4.7,61.10000000000002,73.05000000000001,0,0,0,0,-1,1.0,1
Y126D,Likely Oncogenic,Y,D,126,,22.6419,18.3492,62.2101,354,278,0.268292,0.440196,7,98.74,1.35,51,12.98,4,18,0.0,-377.8,312.51,36.46,1.26,2.07,3.23,48.73,13.32,30.08,0.0,0.0,-3,1.0,2.2,82.5,48.09,1,0,0,0,1,1.0,1
Y163C,Likely Oncogenic,Y,C,163,,20.8872,15.8543,64.0474,334,218,0.351395,0.573547,6,98.92,1.16,60,15.27,5,15,0.0,-123.4,342.07,44.71,3.44,5.5,5.8,41.23,0.24,35.99,0.0,0.0,-2,0.0,3.8,85.1,60.040000000000006,1,0,0,1,1,1.0,1
Y220C,Likely Oncogenic,Y,C,220,,22.1159,16.7283,80.2296,351,226,0.323356,0.495827,2,99.64,0.39,36,9.16,4,14,0.6814,-408.5,369.87,47.53,5.36,5.63,6.72,33.59,0.0,17.57,-75.3353,66.4235,-2,0.0,3.8,85.1,60.040000000000006,1,0,0,0,1,1.0,1
Y220N,Likely Oncogenic,Y,N,220,,29.083,23.1712,109.9683,367,315,0.211736,0.340329,3,99.46,0.39,43,10.94,0,10,0.0,-103.2,368.95,35.46,3.55,0.09,1.96,35.05,5.71,16.91,0.0,0.0,-2,0.0,2.2,79.5,49.08000000000001,1,0,0,0,1,1.0,1
Y220S,Unknown,Y,S,220,,32.0651,25.752,79.2522,382,331,0.178742,0.253256,6,98.92,0.96,33,8.4,4,9,0.4604,-213.1,396.31,31.66,0.51,0.04,1.18,36.28,5.35,26.57,197.0156,3.2147,-2,0.0,0.5,104.6,76.10000000000001,1,0,0,0,-1,1.0,1
Y234C,Likely Oncogenic,Y,C,234,,33.5168,27.8148,73.8516,383,335,0.163668,0.238677,7,98.74,1.35,43,10.94,4,10,0.0,-128.8,371.78,30.87,0.34,0.01,0.71,44.85,-1.08,54.21,0.0,0.0,-2,0.0,3.8,85.1,60.040000000000006,1,0,0,0,1,1.0,1
