Mutation,Classification,WT_AA,Mut_AA,Position,Criterion,RMSD,Mean_Displacement,Max_Displacement,Residues_Above_5A,Residues_Above_10A,TM_Score,DBD_TM,Contacts_Lost,Preservation_Rate,DBD_Contact_Loss_Pct,Total_SS_Changes,SS_Change_Pct,Helix_to_Coil,DBD_Changes,Local_Global_Ratio,Total_SASA_Change,Hydrophobic_Exposure,DBCA_Score,Zinc_Score,DNA_Contact_Score,Loop_Score,ARES,DDE_Contact,Rewiring_Energy,PC1,PC2,BLOSUM62,Charge_Change,Hydro_Change,Volume_Change,MW_Change,In_DBD,In_Zinc,In_DNA_Contact,In_Loop,Local_pLDDT
A138V,Unknown,A,V,138,,13.98681896,11.52216,33.246158640000004,326.9536,146.7352,0.40360058400000004,0.596057,5.9088,97.416416,0.945408,40.3768,10.271464,0.0,14.772,0.54882904,58.39864,325.486248,42.375944000000004,4.618712,2.186256,6.066368,28.785704,-4.943695999999999,17.204456,-174.40492864,188.34930272000003,0.0,0.0,2.3635200000000003,50.61872,27.623639999999998,0.9848,0.0,0.0,0.0,98.48
A159V,Likely Oncogenic,A,V,159,,33.39471689,28.482575360000002,75.70772795,386.3471,382.3947,0.11436368209999999,0.140823,7.9048,97.387136,1.333935,47.428799999999995,12.064701000000001,3.9524,13.8334,0.0,14.72269,335.252449,30.275384,0.187739,0.019762,0.5829789999999999,29.020497,-10.562788999999999,31.965035,0.0,0.0,0.0,0.0,2.37144,50.788340000000005,27.716204999999995,0.9881,0.0,0.0,0.0,98.81
A189V,Benign,A,V,189,,17.35218192,13.243084320000001,50.351664480000004,304.37760000000003,151.27200000000002,0.3511793232,0.549479,6.4176,90.524832,1.2376800000000001,40.339200000000005,10.26816,3.6672000000000002,13.752,0.41971104000000004,-155.67264000000003,386.165328,39.990816,5.54664,1.8336000000000001,5.115744,29.126736,-5.033232000000001,26.009616,-134.8264416,115.46545920000001,0.0,0.0,2.2003200000000005,47.123520000000006,25.71624,0.9168000000000001,0.0,0.0,0.9168000000000001,91.68
A276V,Likely Oncogenic,A,V,276,,29.309321429999997,23.91572427,72.52997794,384.4703,354.9713,0.15385203449999998,0.153705,6.8831,97.09104199999999,0.9439679999999999,58.0147,14.759333,0.9833,14.7495,0.0,414.65761,521.650483,30.669127,0.058997999999999995,0.501483,0.668644,38.220870999999995,-4.070861999999999,44.34683,0.0,0.0,0.0,0.0,2.3599200000000002,50.54162,27.581564999999994,0.9833,0.0,0.0,0.0,98.33
C135Y,Likely Oncogenic,C,Y,135,,18.768902320000002,13.09712824,71.18215216000002,282.968,163.3912,0.3696438368,0.594416,7.3024000000000004,89.965568,1.2322800000000003,34.6864,8.826776,3.6512000000000002,8.215200000000001,0.48807416,-45.183600000000006,328.59887200000003,42.92898400000001,8.023512,1.807344,5.942328,36.822352,4.4179520000000005,26.078696,-247.42046448000002,62.87302504,-1.8256000000000001,0.0,3.46864,77.67928,54.80451200000001,0.9128000000000001,0.0,0.0,0.0,91.28
C141Y,Likely Oncogenic,C,Y,141,,30.51210042,25.129823939999998,73.84406660999998,360.42029999999994,344.82959999999997,0.12513737789999999,0.186715,7.336799999999999,90.389376,1.2380849999999999,42.1866,10.730069999999998,0.0,12.8394,0.0,74.10167999999999,350.194635,28.466783999999997,0.247617,0.018341999999999997,0.73368,34.849799999999995,2.2560659999999997,26.68761,0.0,0.0,-1.8341999999999998,0.0,3.4849799999999993,78.04520999999998,55.062684,0.9170999999999999,0.0,0.0,0.0,91.71
C176F,Likely Oncogenic,C,F,176,,21.8034802,15.44957859,90.42921009000001,278.5376,147.9731,0.2594846786,0.510253,2.3739,78.702698,0.458954,35.6085,9.060385,0.0,4.7478,0.29586707,-270.14982,240.175376,28.320626999999998,0.997038,0.7675609999999999,2.943636,18.207813,-7.525263,10.674637,-46.07170164,-16.58121672,-1.5826,0.0,0.23738999999999985,64.41182,34.84885200000001,0.7913,0.7913,0.0,0.7913,79.13
C176R,Likely Oncogenic,C,R,176,,26.43861232,23.827294240000004,53.31453632000001,328.86240000000004,324.6784,0.08201560480000002,0.108502,4.184,82.92688000000001,0.6443360000000001,35.982400000000005,9.154592000000001,3.3472000000000004,7.531200000000001,0.0,-36.31712,292.695904,26.141632,0.31798400000000004,0.092048,0.7029120000000001,47.597184000000006,12.426480000000002,27.597664,0.0,0.0,-2.5104,0.8368000000000001,5.857600000000001,54.30832000000001,44.39224,0.8368000000000001,0.8368000000000001,0.0,0.8368000000000001,83.68
C176S,Likely Oncogenic,C,S,176,,34.7763115,27.6234385,103.664946,384.15,325.05,0.166330055,0.263656,5.91,97.4362,1.1425999999999998,54.175,13.78015,5.91,17.73,0.0,-15.2675,361.1404,31.07675,0.36445,0.0394,1.2017,47.40805,15.169,31.628349999999998,0.0,0.0,-0.985,0.0,3.2504999999999997,19.2075,15.819100000000002,0.985,0.985,0.0,0.985,98.5
C238Y,Likely Oncogenic,C,Y,238,,17.48691528,13.074353400000001,47.27616888000001,255.43800000000002,141.4164,0.25087787640000003,0.517011,8.8848,72.43333200000001,1.7103240000000002,36.2796,9.232788000000001,0.0,10.3656,0.0,-273.87396,242.71052400000002,27.039408000000005,0.644148,1.7843640000000003,2.746884,31.703928,2.273028,30.200916000000003,0.0,0.0,-1.4808000000000001,0.0,2.81352,63.00804,44.45361600000001,0.7404000000000001,0.7404000000000001,0.0,0.7404000000000001,74.04
C242F,Likely Oncogenic,C,F,242,,11.0670969,8.805129599999999,34.27250388,237.75179999999997,123.8637,0.38173129739999995,0.644155,3.3251999999999997,82.531464,0.6401009999999999,32.4207,8.246495999999999,1.6625999999999999,7.481699999999999,0.0,-291.62003999999996,279.200418,41.889207,7.032798,2.818107,7.124241,21.314532,-5.8107869999999995,11.563383,0.0,0.0,-1.6625999999999999,0.0,0.24938999999999983,67.66781999999999,36.610452,0.8312999999999999,0.8312999999999999,0.0,0.8312999999999999,83.13
C242S,Likely Oncogenic,C,S,242,,27.06033548,21.192070119999997,73.78216954,377.1824,318.4882,0.17867091799999998,0.188962,9.622,94.47841799999999,1.6646059999999998,48.11,12.239184,0.0,11.546399999999998,0.0,60.714819999999996,355.17688599999997,30.126481999999996,0.076976,0.442612,0.760138,47.590412,10.997945999999999,44.520994,0.0,0.0,-0.9621999999999999,0.0,3.1752599999999997,18.7629,15.452932,0.9621999999999999,0.9621999999999999,0.0,0.9621999999999999,96.22
D21N,Unknown,D,N,21,,23.53555105,19.938332,57.83129974999999,274.74629999999996,274.74629999999996,0.0805139488,0.172547,4.194599999999999,69.154972,0.671136,36.353199999999994,9.249093,3.4955,11.884699999999999,0.0,-8.66884,276.011671,21.483342999999998,0.06991,0.013982,0.42645099999999997,19.770547999999998,-0.307604,17.141931999999997,0.0,0.0,0.6990999999999999,0.6990999999999999,0.0,2.0972999999999997,0.6921090000000063,0.0,0.0,0.0,0.0,69.91
D281E,Likely Oncogenic,D,E,281,,35.68288647000001,30.048226670000002,89.18809823000001,378.44730000000004,366.71250000000003,0.12043034080000001,0.159119,8.801100000000002,96.205802,1.5059660000000001,64.54140000000001,16.418941,4.889500000000001,16.6243,0.0,31.879540000000006,330.657327,29.610812000000003,0.029337000000000002,0.0,0.25425400000000004,43.242738,0.43027600000000005,63.40703600000001,0.0,0.0,1.9558000000000002,0.0,0.0,26.696670000000015,13.719937000000003,0.9779000000000001,0.0,0.9779000000000001,0.0,97.79
D281G,Unknown,D,G,281,,31.91489778,26.82782852,77.0968457,381.7688,374.9515,0.11498447740000001,0.14848,4.8695,96.51348999999999,0.934944,36.0343,9.164399,0.9739,6.8172999999999995,0.81914729,5.74601,352.37649799999997,29.781861999999997,0.09739,0.019478,0.535645,40.572674,-3.087263,30.668111,196.04665434,24.74884419,-0.9739,0.9739,3.01909,49.668899999999994,56.525156,0.9739,0.0,0.9739,0.0,97.39
D393E,Benign,D,E,393,,10.36640739,9.557250060000001,18.97480262,113.81670000000001,109.11110000000001,0.027730983100000002,0.127988,1.7646000000000002,29.092372000000005,0.341156,15.881400000000001,4.040934,0.0,2.0587,0.0,-51.58514000000001,110.68747600000002,9.555309000000001,0.10881700000000001,0.408799,0.21469300000000002,8.97005,0.0,15.275554000000001,0.0,0.0,0.5882000000000001,0.0,0.0,8.028930000000004,4.126223,0.0,0.0,0.0,0.0,29.41
D49R,Unknown,D,R,49,,7.14644385,6.5117576999999995,12.70422825,94.185,89.838,0.027679280999999997,0.12498,0.966,23.976119999999998,0.185955,10.626,2.7047999999999996,0.0,3.1395,0.0,-16.566899999999997,64.782375,7.78596,0.195615,0.06762,0.30429,7.657965,-0.079695,7.65555,0.0,0.0,-0.483,0.483,0.2415,15.045450000000002,9.92565,0.0,0.0,0.0,0.0,24.15
E221K,Likely Oncogenic,E,K,221,,31.881092179999996,27.66507464,69.70606342,386.7906,382.8538,0.107085881,0.138305,8.8578,96.82559599999999,1.515668,37.3996,9.517214,0.0,9.841999999999999,0.0,-234.14118,272.416718,30.736566,0.383838,0.05905199999999999,0.866096,48.176590000000004,0.42320599999999997,48.176590000000004,0.0,0.0,0.9842,1.9684,0.3936799999999999,29.722839999999987,0.9349900000000168,0.9842,0.0,0.0,0.0,98.42
E258K,Likely Oncogenic,E,K,258,,28.500190289999995,24.63367203,68.36942799,385.6509,381.72569999999996,0.1163713857,0.13516,13.738199999999999,95.64731099999999,1.697649,65.7471,16.731165,6.8690999999999995,16.6821,0.0,206.07299999999998,419.250612,30.273105,0.049065,0.225699,0.559341,63.578427000000005,5.181264,90.78987599999999,0.0,0.0,0.9813,1.9626,0.39251999999999987,29.635259999999988,0.9322350000000167,0.9813,0.0,0.0,0.0,98.13
E285K,Unknown,E,K,285,,32.12706257,25.86381931,103.6959835,383.6073,359.2048,0.1457453954,0.21721,4.8805,96.73150999999999,0.9370559999999999,37.0918,9.438887,5.8566,8.7849,0.9682911999999999,-296.7344,292.751912,31.079024,0.858968,0.068327,1.1127539999999998,41.738035999999994,1.503194,26.667051999999998,-157.36371848,-196.03240803,0.9761,1.9522,0.3904399999999999,29.47821999999999,0.9272950000000166,0.9761,0.0,0.0,0.0,97.61
E286K,Likely Oncogenic,E,K,286,,23.331440569999998,18.773482729999998,68.18154071,372.0472,284.72999999999996,0.21782034819999999,0.314644,10.4401,93.021291,1.641943,45.556799999999996,11.588511,5.694599999999999,8.5419,0.0,213.35768,408.502131,33.768978,1.9741279999999999,0.49353199999999997,2.913737,53.861425,5.799001,61.264405,0.0,0.0,0.9490999999999999,1.8981999999999999,0.37963999999999987,28.662819999999986,0.9016450000000161,0.9490999999999999,0.0,0.0,0.0,94.91
E294G,Unknown,E,G,294,,13.430039419999998,9.00751159,56.88741226,200.5444,87.55109999999999,0.361870397,0.677852,4.4898,74.021836,0.8680279999999999,28.435399999999998,7.236060999999999,0.7483,9.7279,0.0,117.55792999999998,289.419991,44.733374,8.762593,5.552385999999999,7.984361,34.122479999999996,0.89796,37.070781999999994,0.0,0.0,-1.4966,0.7483,2.31973,58.59189000000001,53.929981000000005,0.0,0.0,0.0,0.0,74.83
E326N,Unknown,E,N,326,,26.461471380000003,21.892566000000002,69.2041899,284.61060000000003,262.88460000000003,0.09372741240000002,0.214963,4.3452,71.63786400000001,0.840072,38.382600000000004,9.769458,3.6210000000000004,12.3114,0.0,165.76938,299.08011600000003,22.138794,0.043452000000000005,0.014484000000000002,0.420036,23.000592000000005,-0.10863,26.317428000000003,0.0,0.0,0.0,0.7242000000000001,0.0,17.59806000000001,10.877484000000008,0.0,0.0,0.0,0.0,72.42
E339D,Unknown,E,D,339,,12.29774846,10.21280327,33.41917903,267.0091,151.614,0.33111486840000004,0.586597,5.896100000000001,83.168702,0.9770679999999999,36.218900000000005,9.214762,4.2115,13.4768,0.0,-210.49077000000003,256.22766,36.042017,3.3439310000000004,2.248941,5.230683,24.536199,-0.21899800000000003,21.562880000000003,0.0,0.0,1.6846,0.0,0.0,22.994790000000012,11.817469000000001,0.0,0.0,0.0,0.0,84.23
E352D,Unknown,E,D,352,,14.14223998,10.97854428,47.83553962,258.115,151.6922,0.3042191042,0.598485,1.5884,79.134088,0.309738,32.562200000000004,8.283506,3.1768,6.3536,0.0,-163.52578,294.13991200000004,36.795286,3.383292,4.24897,5.392618000000001,19.148162,-0.381216,7.878464,0.0,0.0,1.5884,0.0,0.0,21.681660000000008,11.142626000000002,0.0,0.0,0.0,0.0,79.42
E56D,Benign,E,D,56,,8.308101119999998,6.822863519999999,20.84293464,97.31039999999999,80.7576,0.044208515999999996,0.298413,1.0031999999999999,24.899423999999996,0.19311599999999998,12.0384,3.062268,0.25079999999999997,2.5079999999999996,0.0,-69.52175999999999,87.06020399999998,7.777308,0.06520799999999999,0.007523999999999999,0.21568799999999996,5.6705879999999995,0.0,6.473147999999999,0.0,0.0,0.5015999999999999,0.0,0.0,6.846840000000002,3.5187239999999997,0.0,0.0,0.0,0.0,25.08
F113N,Unknown,F,N,113,,28.26793728,23.281336319999998,70.17981696,328.6272,319.3344,0.1029126912,0.12802,4.224,83.71968,0.650496,36.3264,9.242111999999999,3.3792,14.3616,0.0,8.448,299.10144,25.884672000000002,0.067584,0.033792,0.46464000000000005,38.14272,9.689856,18.146304,0.0,0.0,-2.5343999999999998,0.0,5.32224,64.03584000000001,27.94598400000001,0.8448,0.0,0.0,0.0,84.48
F270L,Likely Oncogenic,F,L,270,,33.99598008,27.679271760000002,88.10475480000001,384.696,341.2944,0.15342465600000002,0.228595,5.9184,97.57468800000001,0.946944,55.238400000000006,14.0562,4.932,18.741600000000002,0.0,-246.99456,290.05092,30.52908,0.14796,0.039456000000000005,0.8976240000000001,35.678088,-0.19728,36.10224,0.0,0.0,0.0,0.0,0.9864,22.884480000000018,33.55732800000001,0.9864,0.0,0.0,0.0,98.64
F341K,Unknown,F,K,341,,28.880553870000004,24.59338903,69.25381834,314.7368,301.8904,0.0810238506,0.098627,3.2116000000000002,79.71191200000001,0.618233,34.5247,8.783726,4.8174,9.6348,0.0,42.553700000000006,323.624903,24.48845,0.05620300000000001,0.016058000000000003,0.35327600000000003,38.21001100000001,11.031846000000002,21.718445000000003,0.0,0.0,-2.4087,0.8029000000000001,5.37943,17.10177000000001,15.263129000000017,0.0,0.0,0.0,0.0,80.29
F54S,Unknown,F,S,54,,7.79633764,5.48379881,23.900865130000003,101.1503,50.4431,0.0837838763,0.49046,2.641,25.931979,0.509713,15.846,4.032807,1.3205,3.1692,0.0,-73.07647,98.506659,9.763777,0.63384,0.21128000000000002,1.008862,11.020893,0.549328,16.184048,0.0,0.0,-0.5282,0.0,0.9507599999999999,26.64769,15.872410000000002,0.0,0.0,0.0,0.0,26.41
G108L,Unknown,G,L,108,,25.5709404,20.84105376,76.11338592000001,366.9408,309.7296,0.21246365520000002,0.300911,9.864,96.85461600000001,1.903752,59.184000000000005,15.062328,3.9456,13.809600000000001,0.0,344.35224000000005,361.95948,33.951888000000004,2.9394720000000003,0.07891200000000001,1.3513680000000001,36.506664,-15.73308,54.62683200000001,0.0,0.0,-3.9456,0.0,4.142880000000001,105.15024,55.346904,0.9864,0.0,0.0,0.0,98.64
G187T,Unknown,G,T,187,,19.11390048,14.68041468,61.84960596,332.4288,210.6012,0.3087253044,0.495243,2.8332,93.93002399999999,0.547752,42.498,10.813379999999999,3.7776,15.1104,0.0,-340.4562,266.46245999999996,40.127556000000006,3.484836,2.918196,5.496408000000001,17.04642,0.0,9.104016000000001,0.0,0.0,-1.8888,0.0,0.28331999999999996,52.886399999999995,41.60082,0.9444,0.0,0.0,0.9444,94.44
G244C,Likely Oncogenic,G,C,244,,19.04414328,13.19054097,60.10369758,278.5743,136.8939,0.43683034950000005,0.667417,5.7438,94.696116,1.110468,38.292,9.745314,0.0,7.6584,0.0,-297.7203,281.64723299999997,52.833387,8.740149,6.117147,9.362394,32.663076,-5.351307,23.252817,0.0,0.0,-2.8719,0.0,2.77617,46.33332,44.121957,0.9573,0.0,0.0,0.9573,95.73
G245D,Unknown,G,D,245,,27.184771400000002,23.986478570000003,61.35544986,330.9656,312.391,0.0953248472,0.116978,7.598700000000001,83.062234,1.460639,27.861900000000002,7.09212,0.0,1.6886,0.43464564000000006,-95.82805,294.36519499999997,26.620779000000002,0.498137,0.05910100000000001,0.7851990000000001,41.134296,2.152965,35.41838500000001,102.18909063,66.46211398,-0.8443,0.8443,2.6173300000000004,43.05929999999999,49.003172000000006,0.8443,0.0,0.0,0.8443,84.43
G245S,Likely Oncogenic,G,S,245,,31.789398960000003,26.21548908,72.64432813,373.0749,360.73400000000004,0.1292272597,0.205182,8.543700000000001,93.392134,1.4619220000000002,39.8706,10.148017,0.0,2.8479,0.46183445,-305.6746,276.777908,29.608667,0.351241,0.04746500000000001,1.072709,34.715901,1.642289,31.754085000000003,192.76561744,-24.02440975,0.0,0.0,0.37972000000000006,27.43477,28.507479000000004,0.9493,0.0,0.0,0.9493,94.93
G266V,Unknown,G,V,266,,26.2325052,20.976354899999997,71.6715639,343.791,274.455,0.235194453,0.403985,11.556,94.21029,2.22453,62.595,15.928019999999998,0.0,17.334,0.0,-165.15449999999998,335.47068,32.616809999999994,2.1186000000000003,0.0963,1.9741499999999998,47.31219,-15.022799999999998,78.46524,0.0,0.0,-2.889,0.0,4.4298,76.9437,40.523039999999995,0.963,0.0,0.0,0.0,96.3
G302R,Unknown,G,R,302,,13.015344,10.438996000000001,35.882499679999995,164.9536,162.008,0.0583220384,0.168476,2.104,41.70128,0.324016,18.0944,4.603552,0.8416,2.104,0.0,124.68304,165.765744,12.926976,0.029456000000000003,0.046288,0.265104,13.503472000000002,0.0,15.153008,0.0,0.0,-0.8416,0.4208,1.72528,47.676640000000006,41.718112,0.0,0.0,0.0,0.0,42.08
H179Q,Likely Oncogenic,H,Q,179,,31.395882580000002,27.0454035,73.83134236,382.3568,376.50440000000003,0.1054885346,0.112673,11.7048,95.423382,2.253174,34.139,8.690814000000001,0.0,3.9016,0.0,-65.93704,310.255232,29.964288,0.068278,0.126802,0.555978,42.937108,3.7162740000000003,51.686446000000004,0.0,0.0,0.0,0.09754000000000002,0.2926199999999998,9.168759999999978,8.788353999999991,0.9754,0.9754,0.0,0.9754,97.54
H179R,Likely Oncogenic,H,R,179,,30.00587084,23.78301706,82.52157672,375.9074,362.44780000000003,0.1424227574,0.167334,8.6526,94.582532,1.480556,51.915600000000005,13.209636000000001,4.807,17.3052,0.64327274,174.01340000000002,439.821272,29.688032,0.086526,0.12498200000000001,0.67298,44.60896,4.9127540000000005,42.138162,214.3859509,86.34679504,0.0,0.86526,1.24982,19.420280000000016,18.31467000000001,0.9614,0.9614,0.0,0.9614,96.14
H193R,Likely Oncogenic,H,R,193,,22.203645239999997,17.13314988,66.24966488,342.02,247.2316,0.29176162679999995,0.449283,11.7264,95.599476,2.257332,46.9056,11.931612,0.9772,11.7264,0.55436556,68.20855999999999,326.16004399999997,43.612436,7.944636,1.36808,4.993492,43.270416,5.08144,34.123824,-211.37197564,41.22142304,0.0,0.8794799999999999,1.2703599999999997,19.739440000000016,18.61566000000001,0.9772,0.0,0.0,0.9772,97.72
H380R,Unknown,H,R,380,,9.6897012,8.208134040000001,23.999576540000003,122.5394,117.525,0.040280361800000004,0.142557,1.8804,31.001528,0.300864,15.3566,3.9080980000000003,1.2536,4.3876,0.0,-3.4474,96.878208,9.781214,0.10969,0.021938000000000003,0.310266,9.119940000000001,0.0,11.451636,0.0,0.0,0.0,0.28206000000000003,0.40741999999999995,6.330680000000005,5.970270000000004,0.0,0.0,0.0,0.0,31.34
I195T,Unknown,I,T,195,,32.177849699999996,26.376244349999997,87.32834055,378.59549999999996,342.02099999999996,0.1542425745,0.233228,14.827499999999999,96.171165,2.66895,45.471,11.565449999999998,1.9769999999999999,10.8735,0.3226464,249.29969999999997,440.51514,34.38003,3.9144599999999996,0.049425,0.919305,66.338235,19.305405,59.665859999999995,-157.14589784999998,-161.77553759999998,-0.9884999999999999,0.0,5.1402,50.01809999999999,11.921310000000002,0.9884999999999999,0.0,0.0,0.9884999999999999,98.85
I251F,Likely Oncogenic,I,F,251,,26.41178346,20.63156494,70.27735948,372.8602,255.788,0.2480327046,0.378361,6.8866,97.140412,1.32813,51.1576,13.015674,3.9352,11.8056,0.0,-184.56088,363.297664,34.895386,2.9415620000000002,0.19676000000000002,2.252902,41.76231000000001,-2.666098,56.843964,0.0,0.0,0.0,0.0,1.6724600000000003,22.824160000000017,33.46887600000001,0.9838,0.0,0.0,0.0,98.38
K132R,Benign,K,R,132,,17.521618160000003,12.4788817,46.09942590000001,211.04680000000002,142.99900000000002,0.47692138900000003,0.734413,3.9448000000000003,97.909936,0.5719960000000001,56.21340000000001,14.299900000000001,5.9172,9.862,0.33432180000000006,-114.00472,404.40117200000003,48.678832,6.548368,4.635140000000001,7.968496000000001,32.948942,-4.940862,40.167926,-184.31644072,162.50988218,1.9724000000000002,0.0,0.5917200000000001,4.733760000000012,27.633324000000012,0.9862000000000001,0.0,0.0,0.0,98.62
K164E,Likely Oncogenic,K,E,164,,35.23403058,29.3393817,71.59084677,383.0232,351.756,0.13246251569999998,0.195454,6.8397,96.478854,1.1334359999999999,38.106899999999996,9.692832,0.0,2.9313,0.0,-393.18503999999996,278.229225,30.153305999999997,0.254046,0.009771,0.635115,38.331633,-2.7065669999999997,24.632691,0.0,0.0,0.9771,1.9542,0.3908399999999999,29.508419999999987,0.9282450000000166,0.9771,0.0,0.0,0.9771,97.71
K292R,Unknown,K,R,292,,22.835024100000002,19.70584245,49.07120239,351.89840000000004,295.74440000000004,0.19187447440000002,0.302848,9.359,91.896021,1.619107,34.6283,8.806819,0.0,5.6154,0.0,-331.68296,312.440856,33.289963,2.2180830000000005,0.290129,2.7141100000000002,32.822013000000005,-1.7033380000000002,33.888939,0.0,0.0,1.8718000000000001,0.0,0.5615400000000002,4.492320000000011,26.223918000000012,0.9359000000000001,0.0,0.0,0.0,93.59
K319T,Unknown,K,T,319,,8.584736,6.6476185,28.166482,107.675,91.155,0.06659684,0.378313,2.065,29.128299999999996,0.34219999999999995,10.915,2.77595,0.295,1.77,0.0,-20.178,109.99665,10.4843,0.35105,0.49265,0.7965,7.83225,0.0,6.127149999999999,0.0,0.0,-0.295,0.295,0.944,15.487499999999999,7.985649999999998,0.0,0.0,0.0,0.0,29.5
K372S,Unknown,K,S,372,,10.501953850000001,8.8863099,24.4875325,123.9915,123.9915,0.035293723,0.157871,3.1550000000000002,30.978945,0.545815,11.989,3.050885,1.262,5.048,0.0,-15.86965,147.398445,9.67323,0.041015,0.009465,0.20192000000000002,10.054985,0.0,12.225625,0.0,0.0,0.0,0.3155,0.9780499999999999,25.113799999999998,12.963894999999997,0.0,0.0,0.0,0.0,31.55
K382R,Unknown,K,R,382,,8.76568595,7.447168049999999,20.570493999999997,107.55849999999998,104.24049999999998,0.034323880499999994,0.134004,1.9354999999999998,27.301609999999997,0.3207399999999999,9.953999999999999,2.5327399999999995,0.0,1.6589999999999998,0.25728324999999996,52.59029999999999,96.34642499999998,8.607444999999998,0.08018499999999998,0.013824999999999999,0.22672999999999996,7.736469999999999,0.0,11.477514999999999,55.325825099999996,15.136577749999997,0.5529999999999999,0.0,0.1659,1.327200000000003,7.747530000000002,0.0,0.0,0.0,0.0,27.65
L130F,Likely Oncogenic,L,F,130,,18.05680128,14.16280656,52.10604,346.8864,169.54559999999998,0.34675290719999996,0.541331,1.9487999999999999,97.089216,0.38001599999999996,45.7968,11.653824,0.9743999999999999,9.744,0.0,96.66047999999999,332.192448,35.555856,1.295952,1.529808,3.5663039999999997,31.784927999999994,-0.038976,20.189567999999998,0.0,0.0,0.0,0.0,0.9743999999999999,22.606080000000016,33.149088000000006,0.9743999999999999,0.0,0.0,0.0,97.44
L14V,Benign,L,V,14,,5.5519536800000004,4.8076932800000005,16.183964160000002,115.7416,88.01520000000001,0.09363076320000001,0.422392,1.2896,32.007872,0.24824800000000002,14.830400000000001,3.77208,1.2896,4.836,0.0,-88.66000000000001,76.38945600000001,13.698776000000002,1.8376800000000002,0.5964400000000001,1.602328,8.356608000000001,0.6028880000000001,3.5109360000000005,0.0,0.0,0.3224,0.0,0.12896000000000013,8.608079999999998,4.523272,0.0,0.0,0.0,0.0,32.24
L194R,Unknown,L,R,194,,31.21699635,26.6566428,70.52021955,372.204,359.8605,0.1154031795,0.147928,5.697,93.92454000000001,0.91152,43.677,11.10915,3.798,20.889,0.47351565,-317.3229,344.47860000000003,29.538945,0.389295,0.028485,0.750105,56.381310000000006,19.474245000000003,25.589025,163.62894915,18.03299895,-1.899,0.9495,7.880850000000001,6.361650000000016,40.856985,0.9495,0.0,0.0,0.9495,94.95
L22F,Unknown,L,F,22,,13.11785745,11.660302849999999,29.207574250000004,175.4745,173.242,0.050559874000000005,0.129428,2.6790000000000003,44.16778,0.42863999999999997,25.897000000000002,6.59034,2.2325,5.8045,0.9922569500000001,131.3603,218.673375,13.944195,0.129485,0.049115,0.40631500000000004,16.408875000000002,0.11609000000000001,22.525925,57.555010900000006,21.4246774,0.0,0.0,0.4465,10.358800000000008,15.189930000000006,0.0,0.0,0.0,0.0,44.65
L25V,Benign,L,V,25,,16.8342932,14.1013229,42.972110900000004,215.639,190.801,0.09558001099999999,0.265621,2.8225,55.94195,0.54192,24.2735,6.17563,3.387,5.0805,0.0,-138.4154,195.45248,20.5478,2.895885,0.050804999999999996,0.7903,15.602780000000001,1.0217450000000001,12.373840000000001,0.0,0.0,0.5645,0.0,0.2258000000000002,15.072149999999993,7.919935000000001,0.0,0.0,0.0,0.0,56.45
L344R,Unknown,L,R,344,,18.188083829999997,14.500273499999999,43.97305533,280.9101,195.5907,0.24243829469999997,0.48365,9.6588,78.74336699999999,1.706388,49.0989,12.492047999999999,3.2196,13.6833,1.9983252299999998,79.92657,345.43893299999996,29.692760999999997,2.302014,0.426597,2.8251989999999996,42.321642,10.471748999999999,35.319012,-110.2109325,16.00503405,-1.6098,0.8049,6.68067,5.392830000000013,34.634847,0.0,0.0,0.0,0.0,80.49
M237I,Likely Oncogenic,M,I,237,,19.39867079,15.7542068,47.53338968,340.4294,240.0716,0.3111800208,0.444553,3.9356,97.681592,0.757603,33.4526,8.510735,3.9356,10.8229,0.45771028,-92.68338,311.34531599999997,35.705731,3.197675,0.255814,2.7745979999999997,29.822008999999998,-3.699464,16.244189000000002,-195.10746838999998,89.91970329,0.9839,0.0,2.55814,3.738819999999983,17.74955599999999,0.9839,0.0,0.0,0.9839,98.39
M40N,Unknown,M,N,40,,5.5596687,4.45119108,15.459599520000001,74.11919999999999,60.1698,0.0518528346,0.391525,1.4574,20.557668,0.24151199999999998,10.2018,2.596254,1.041,2.4984,0.0,20.174580000000002,64.972974,7.71381,0.922326,0.039558,0.514254,7.801253999999999,0.857784,8.604906,0.0,0.0,-0.4164,0.0,1.12428,10.160160000000003,3.560219999999999,0.0,0.0,0.0,0.0,20.82
N210S,Unknown,N,S,210,,31.700523450000002,27.241092450000004,70.59393320000001,377.9015,353.73900000000003,0.12208538050000002,0.142405,7.732,95.25824,1.304775,40.593,10.331885,3.866,8.698500000000001,0.0,101.96575,361.02641000000006,30.299775000000004,0.5799,0.03866,0.821525,40.312715000000004,-0.17396999999999999,42.825615000000006,0.0,0.0,0.9665,0.0,2.60955,24.259149999999995,26.114829999999998,0.9665,0.0,0.0,0.0,96.65
N239D,Unknown,N,D,239,,21.74761375,17.43767,65.14646125000002,347.6,264.65000000000003,0.28260867500000003,0.40138,11.850000000000001,96.607125,2.0935,37.525,9.549125,3.95,8.887500000000001,0.44822625000000005,-69.7175,336.35237500000005,36.5375,3.7426250000000003,0.25675000000000003,2.932875,42.531625000000005,1.017125,42.20575,-175.86417125000003,74.8266275,0.9875,0.9875,0.0,2.9625000000000004,0.9776250000000091,0.9875,0.0,0.0,0.9875,98.75
N247D,Unknown,N,D,247,,30.24616829,22.022732089999998,121.41955696000001,363.0591,297.1378,0.2335621176,0.347118,8.8551,96.796082,1.702147,42.3077,10.763866,0.9839,9.839,0.30363154,-273.22902999999997,316.392723,37.270132000000004,5.362255,0.157424,2.2629699999999997,35.961544999999994,0.600179,24.764763000000002,-271.16736594,-145.12485643999997,0.9839,0.9839,0.0,2.9516999999999998,0.974061000000009,0.9839,0.0,0.0,0.9839,98.39
N29S,Unknown,N,S,29,,11.523949199999999,9.684712800000002,28.11238092,136.5372,131.9976,0.0432801972,0.141356,2.4444,34.480008,0.405072,20.602800000000002,5.241492,1.746,5.9364,0.0,53.4276,155.100672,10.741392000000001,0.055872000000000005,0.010476,0.219996,11.705184000000001,0.0,18.360936,0.0,0.0,0.3492,0.0,0.9428400000000001,8.764919999999998,9.435383999999999,0.0,0.0,0.0,0.0,34.92
N345S,Unknown,N,S,345,,25.25209261,22.62575987,53.45506015,299.1909,287.01009999999997,0.07368089789999999,0.097263,5.3290999999999995,75.170762,0.8831079999999999,36.5424,9.295473000000001,3.8064999999999998,11.4195,0.83468932,-86.86433,270.840088,23.417588000000002,0.121808,0.053291000000000005,0.464393,23.859142,-0.30452,20.052642,135.85817215,30.1375831,0.7613,0.0,2.05551,19.108629999999994,20.570325999999998,0.0,0.0,0.0,0.0,76.13
P152L,Likely Oncogenic,P,L,152,,26.880173999999997,21.0363156,88.5648492,361.584,313.956,0.20564506800000001,0.318862,4.859999999999999,96.3252,0.93312,33.048,8.4078,3.888,8.748,0.0,-371.01239999999996,360.91332,39.63816,7.7176800000000005,0.29159999999999997,2.54664,33.922799999999995,-4.383719999999999,24.55272,0.0,0.0,-2.916,0.0,5.2488,52.487999999999985,15.590879999999991,0.972,0.0,0.0,0.0,97.2
P250L,Likely Oncogenic,P,L,250,,32.71586136,26.0875215,90.7239477,379.4022,322.4436,0.1627065852,0.275141,7.7232,95.14982400000001,1.4867160000000001,49.2354,12.530892000000001,0.9654,10.6194,0.0,90.65106000000002,393.72873599999997,30.12048,0.15446400000000002,0.057924,1.01367,35.372256,-19.616928,60.945702000000004,0.0,0.0,-2.8962000000000003,0.0,5.21316,52.13159999999999,15.485015999999993,0.9654,0.0,0.0,0.9654,96.54
P278R,Likely Oncogenic,P,R,278,,16.15098485,11.91585967,61.954134059999994,278.473,158.9991,0.36485532460000003,0.607503,12.5762,87.557301,2.4254100000000003,41.321799999999996,10.51011,3.5932,13.474499999999999,0.0,-260.32734,246.85284000000001,47.043971,8.381139,3.781843,8.057751,39.516217000000005,1.7247359999999998,32.365749,0.0,0.0,-1.7966,0.8983,2.60507,54.526810000000005,53.062580999999994,0.8983,0.0,0.0,0.0,89.83
P278S,Likely Oncogenic,P,S,278,,34.988338219999996,29.5926677,84.37423026,376.4154,371.6264,0.0974781794,0.126616,2.8734,95.26278799999999,0.5555239999999999,43.101,10.966809999999999,3.8312,8.6202,0.74785024,-783.86352,292.28224800000004,29.528973999999998,0.19156,0.019156,0.67046,30.228167999999997,1.187672,17.048840000000002,197.82995036,-11.3695649,-0.9578,0.0,0.76624,22.69986,9.616312000000006,0.9578,0.0,0.0,0.0,95.78
P34L,Benign,P,L,34,,9.798920540000001,7.60888628,36.190053580000004,116.35600000000001,99.20880000000001,0.058591370000000004,0.284584,2.1434,30.234188,0.41337000000000007,15.310000000000002,3.8948640000000005,1.2248,3.3682000000000003,0.0,-2.6945600000000005,109.75432800000002,11.118122000000001,1.549372,0.027558000000000003,0.40724600000000005,10.34956,0.0,13.509544,0.0,0.0,-0.9186000000000001,0.0,1.6534800000000003,16.534799999999997,4.911447999999998,0.0,0.0,0.0,0.0,30.62
P36G,Unknown,P,G,36,,5.02737504,4.0039053,23.2826848,93.94839999999999,68.1384,0.0750097963,0.416792,2.581,25.342838999999998,0.498133,14.7117,3.74245,0.0,2.581,0.0,13.31796,77.690681,10.406592,0.702032,0.779462,1.205327,7.38166,0.0,10.708569,0.0,0.0,-0.5162,0.0,0.30972000000000005,13.57606,10.342067000000002,0.0,0.0,0.0,0.0,25.81
P47S,Benign,P,S,47,,6.666317799999999,4.7358432,16.871773599999997,85.164,46.205999999999996,0.132670412,0.674041,1.8119999999999998,29.87384,0.35031999999999996,14.495999999999999,3.6874200000000004,1.8119999999999998,5.1339999999999995,0.5682733999999999,-3.5031999999999996,95.50448,15.46542,2.69686,1.06002,2.6545799999999997,9.642859999999999,0.07247999999999999,11.735719999999999,-37.3172944,35.8892874,-0.302,0.0,0.2416,7.157400000000001,3.032080000000002,0.0,0.0,0.0,0.0,30.2
P71V,Unknown,P,V,71,,7.7002508,5.772492000000001,31.17652736,132.44,74.92320000000001,0.1302044128,0.520759,1.8920000000000001,37.49944,0.291368,21.947200000000002,5.585184,2.2704,6.0544,0.0,-12.71424,170.030256,16.471752000000002,2.172016,0.734096,2.2476960000000004,12.683968000000002,0.0,15.813336,0.0,0.0,-0.7568,0.0,2.1947200000000002,10.330319999999999,0.7605839999999966,0.0,0.0,0.0,0.0,37.84
P72R,Benign,P,R,72,,13.857356549999999,11.306293499999999,38.79084476999999,146.86409999999998,137.1479,0.049471527099999996,0.215874,3.3632999999999997,36.76460599999999,0.575498,24.664199999999997,6.274423,1.4948,6.7265999999999995,0.61148531,53.21488,180.47467799999998,11.382902,0.007474,0.026159,0.160691,12.115354,0.0,15.426336,76.52606177999999,-38.935803,-0.7474,0.3737,1.0837299999999999,22.68359,22.074458999999997,0.0,0.0,0.0,0.0,37.37
P85S,Unknown,P,S,85,,14.652365999999999,12.3082528,51.3198108,168.204,166.92,0.04429586,0.128747,3.852,42.10664,0.65912,27.392,6.967840000000001,2.14,7.276,0.0,-81.8764,151.1696,13.23376,0.09844,0.03424,0.35096,12.71588,0.0,19.927680000000002,0.0,0.0,-0.428,0.0,0.34240000000000004,10.143600000000001,4.297120000000002,0.0,0.0,0.0,0.0,42.8
Q331R,Unknown,Q,R,331,,24.899517679999995,22.3613292,51.09013048,341.7528,330.448,0.1023162664,0.135007,8.696,85.38602399999999,1.504408,40.871199999999995,10.400416,3.4783999999999997,9.5656,0.0,299.22936,311.568984,27.766327999999998,0.339144,0.295664,1.0522159999999998,30.575135999999993,0.0,49.54980799999999,0.0,0.0,0.8695999999999999,0.8695999999999999,0.8695999999999999,25.740159999999992,24.400976,0.0,0.0,0.0,0.0,86.96
Q375H,Unknown,Q,H,375,,11.368165079999999,8.237205639999999,43.47763396,123.6152,106.788,0.060814148000000005,0.270784,1.9416,32.010512,0.375376,13.5912,3.459284,1.6179999999999999,3.2359999999999998,0.0,57.665519999999994,110.496456,10.351963999999999,0.398028,0.012944,0.236228,8.55922,0.0,11.908479999999999,0.0,0.0,0.0,0.03236,0.09707999999999994,3.0418399999999925,2.915635999999997,0.0,0.0,0.0,0.0,32.36
Q5T,Unknown,Q,T,5,,9.72277344,7.57302117,29.37956934,122.58539999999999,107.99189999999999,0.0610614741,0.282312,0.9728999999999999,32.254878,0.18809399999999998,11.0262,2.805195,1.2972,2.9187,0.0,-127.28774999999999,92.86006199999999,11.305098,1.177209,0.025944,0.39240299999999995,7.407011999999999,0.0,5.457968999999999,0.0,0.0,-0.3243,0.0,0.9080399999999998,8.983110000000005,8.765829,0.0,0.0,0.0,0.0,32.43
R110P,Likely Oncogenic,R,P,110,,31.271103259999997,25.60818023,75.14742421,384.4703,320.5558,0.1674815558,0.269408,7.8664,96.914048,1.327455,49.165,12.507576,3.9332,18.6827,0.0,-180.33722,394.362298,30.787122999999998,0.363821,0.029498999999999997,1.022632,42.449061,-0.698143,38.407698,0.0,0.0,-1.9666,0.9833,2.8515699999999997,59.68631,58.083530999999994,0.9833,0.0,0.0,0.0,98.33
R156H,Likely Oncogenic,R,H,156,,31.927933349999996,27.4252824,91.83963195,385.3305,383.35949999999997,0.10804430699999999,0.149057,5.912999999999999,97.48566,0.9460799999999999,36.463499999999996,9.273555,4.927499999999999,9.854999999999999,0.0,-237.50549999999998,359.69764499999997,30.570209999999996,0.15768,0.088695,0.8278199999999999,33.782939999999996,-2.7988199999999996,20.094345,0.0,0.0,0.0,0.8869499999999999,1.2811499999999998,19.907100000000014,18.77377500000001,0.9854999999999999,0.0,0.0,0.0,98.55
R158H,Likely Oncogenic,R,H,158,,32.934482450000004,27.94030741,80.23027443000001,385.4869,380.5574,0.1088749088,0.139947,6.9013,97.347766,1.1436439999999999,41.4078,10.539271,3.9436,17.7462,0.58030074,-261.2635,308.478251,30.079809,0.059154,0.019718,0.45351400000000003,35.167053,-3.894305,26.382684,207.4373036,19.32334423,0.0,0.88731,1.2816699999999999,19.915180000000017,18.78139500000001,0.9859,0.0,0.0,0.0,98.59
R158L,Likely Oncogenic,R,L,158,,31.783087050000002,27.76751406,73.44037701,386.7864,374.946,0.1096687449,0.122879,5.9202,97.604364,0.947232,38.4813,9.788064,0.0,10.8537,0.81027804,-228.81573,263.754777,30.715971,0.473616,0.049335000000000004,0.828828,27.311856,-26.098215,21.924474,176.5985793,61.95025551,-1.9734,0.9867,8.18961,6.610890000000017,42.457701,0.9867,0.0,0.0,0.0,98.67
R175C,Unknown,R,C,175,,25.294876960000003,20.62708048,70.11184023999999,355.8489,299.97180000000003,0.2288382911,0.359592,8.822700000000001,96.441914,1.509662,46.0741,11.724388000000001,3.9212000000000002,16.665100000000002,0.38202291,-403.49148,250.535271,38.917910000000006,6.813085000000001,0.22546900000000003,2.4899620000000002,35.918192000000005,-14.851545000000002,21.007829,-160.79498189,-0.8672714100000001,-2.9409,0.9803000000000001,6.862100000000001,63.62147000000001,52.004915,0.9803000000000001,0.0,0.0,0.9803000000000001,98.03
R175G,Unknown,R,G,175,,30.24930675,23.12894415,93.8624907,360.4413,319.03290000000004,0.1678244808,0.264122,7.5288,92.754816,1.449294,34.8207,8.855751,0.9411,8.4699,0.5110173,20.32776,288.804768,33.69138,4.065552,0.084699,1.31754,40.476711,-0.696414,24.732108000000004,-237.56206122000003,-131.94137301,-1.8822,0.9411,3.85851,106.62663000000002,93.30065400000001,0.9411,0.0,0.0,0.9411,94.11
R175H,Likely Oncogenic,R,H,175,,27.18403292,22.73679484,69.27756122,331.9726,325.9988,0.10406359600000001,0.136948,6.8272,84.11110400000001,1.3142360000000002,34.136,8.687612,0.8534,8.534,0.52065934,297.4099,406.320808,26.020166,0.076806,0.034136,0.47790400000000005,35.620916,-5.188672,43.873294,170.2963967,54.603518900000005,0.0,0.7680600000000001,1.1094199999999999,17.238680000000016,16.25727000000001,0.8534,0.0,0.0,0.8534,85.34
R196Q,Likely Oncogenic,R,Q,196,,32.54863095,25.169654070000004,106.04515383000002,373.41810000000004,329.3136,0.1648577205,0.26092,11.7612,95.883183,2.077812,48.0249,12.221847000000002,3.9204000000000003,16.6617,0.0,-6.664680000000001,391.45194000000004,33.71544,3.3225390000000004,0.04900500000000001,0.950697,57.874905000000005,0.24502500000000002,41.497434000000005,0.0,0.0,0.9801000000000001,0.9801000000000001,0.9801000000000001,29.010959999999997,27.501606000000006,0.9801000000000001,0.0,0.0,0.0,98.01
R213Q,Likely Oncogenic,R,Q,213,,7.977691119999999,6.13909779,28.26153974,174.762,62.1376,0.6255139758,0.770854,3.8836,96.390952,0.747593,47.5741,12.107123,0.9709,10.6799,0.8081771600000001,169.9075,423.525998,63.09879099999999,10.427466,12.427520000000001,11.184768,42.806981,1.5534400000000002,42.874944,-179.23600429,261.17879920999997,0.9709,0.9709,0.9709,28.738639999999993,27.243454000000003,0.9709,0.0,0.0,0.0,97.09
R248G,Likely Oncogenic,R,G,248,,29.502221359999997,26.073327479999996,66.5878202,384.98279999999994,364.41119999999995,0.11716995599999998,0.14728,7.836799999999999,96.549376,1.32246,52.898399999999995,13.459703999999999,5.877599999999999,13.7144,0.0,164.47484,332.3293,31.964348,1.293072,0.09795999999999999,1.2049079999999999,52.046147999999995,-1.2342959999999998,60.34336,0.0,0.0,-1.9591999999999998,0.9795999999999999,4.01636,110.98868,97.117544,0.9795999999999999,0.0,0.9795999999999999,0.9795999999999999,97.96
R248L,Unknown,R,L,248,,21.14168848,17.85947844,76.88738276000001,367.05,312.2372,0.22700623239999998,0.335275,5.8728,96.822896,0.9396479999999999,53.834,13.693412,3.9152,16.6396,0.26339508,-154.25888,304.690652,36.36242,1.693324,2.182724,3.200676,55.272836,-10.91362,18.528684,-93.06910012,58.49416468,-1.9576,0.9788,8.12404,6.557960000000016,42.117764,0.9788,0.0,0.9788,0.9788,97.88
R248Q,Likely Oncogenic,R,Q,248,,21.7947632,18.27334544,55.16210175,364.3591,272.0417,0.24629202009999998,0.362626,9.821,96.43239899999999,1.699033,44.1945,11.245045,1.9642,5.8926,0.42073164,-348.25266,263.20279999999997,35.709156,2.690954,0.353556,3.231109,41.47408299999999,-0.19642,35.502914999999994,-124.63389155,52.74623396,0.9821,0.9821,0.9821,29.070159999999994,27.557726000000002,0.9821,0.0,0.9821,0.9821,98.21
R248W,Likely Oncogenic,R,W,248,,31.8998172,25.112399399999997,96.2548578,368.706,285.576,0.21251451,0.363863,3.912,97.09584,0.75306,40.098,10.20054,3.912,9.78,0.3653808,-564.6972,240.06966,32.53806,1.06602,0.11735999999999999,2.07336,34.24956,-7.3839,17.78004,138.3149214,-64.84599659999999,-2.934,0.978,3.5208,53.2032,29.35956000000001,0.978,0.0,0.978,0.978,97.8
R249G,Unknown,R,G,249,,31.451903400000003,26.2087722,83.9782476,341.508,311.112,0.12399601199999999,0.219786,5.364,88.43448000000001,1.03704,43.806,11.14818,3.576,12.516,0.3168336,-267.5742,241.06709999999998,31.057560000000002,3.56706,0.03576,0.9029400000000001,35.8941,-0.84036,23.53008,-80.7754926,-232.2295524,-1.788,0.894,3.6653999999999995,101.29020000000001,88.63116000000001,0.894,0.0,0.0,0.894,89.4
R249S,Likely Oncogenic,R,S,249,,33.377038070000005,25.537452540000004,111.01591888000002,375.6166,322.09610000000004,0.16734108770000003,0.267452,11.677200000000001,95.198373,2.2478610000000003,39.8971,10.149433,4.865500000000001,10.7041,0.54289249,-211.74656000000002,336.06981600000006,30.496954000000002,0.7882110000000001,0.009731000000000002,0.574129,42.689897,0.21408200000000002,36.919414,-190.53949977000002,-185.89469885000003,-0.9731000000000001,0.9731000000000001,3.6004700000000005,82.12964000000001,67.25094100000001,0.9731000000000001,0.0,0.0,0.9731000000000001,97.31
R249T,Likely Oncogenic,R,T,249,,16.24296282,12.99889465,52.69821893,308.7462,215.53979999999999,0.3610379031,0.543447,9.709,95.33267099999999,1.679657,38.836,9.883761999999999,3.8836,13.5926,0.0,-283.11444,309.01805199999995,48.05955,2.8738639999999998,9.776963,6.301141,41.981716,-1.689366,33.738775,0.0,0.0,-0.9709,0.9709,3.6894199999999997,55.63257000000001,53.486881000000004,0.9709,0.0,0.0,0.9709,97.09
R267W,Unknown,R,W,267,,29.2062341,26.1919822,71.36804056000001,377.2014,360.8848,0.10678734799999999,0.142409,7.6784,94.597888,1.29573,47.0302,11.968706000000001,3.8392,15.3568,0.0,-790.3953,304.41976600000004,30.780786,0.921408,0.09598000000000001,1.10377,27.88219,-22.190576,35.46461,0.0,0.0,-2.8794,0.9598,3.45528,52.21312,28.81319600000001,0.9598,0.0,0.0,0.0,95.98
R273C,Likely Oncogenic,R,C,273,,29.013391189999997,23.481876109999998,110.22880154999999,375.32599999999996,325.941,0.1839936945,0.28688,2.9631,98.23664199999999,0.38520299999999996,42.47109999999999,10.805437999999999,0.0,11.8524,0.5747426299999999,-371.07888999999994,279.76602499999996,34.450976,3.210025,0.069139,1.6395819999999999,32.465698999999994,-14.538943999999999,11.496827999999999,49.6259988,-64.65879279999999,-2.9631,0.9876999999999999,6.913899999999999,64.10173,52.39748499999999,0.9876999999999999,0.0,0.9876999999999999,0.0,98.77
R273H,Likely Oncogenic,R,H,273,,20.738859299999998,17.21968146,52.28398205999999,352.7874,281.637,0.2691036594,0.431389,3.9528,98.108496,0.760914,26.6814,6.788934,0.0,5.9292,0.32986116,-487.08377999999993,313.397748,37.136556,1.28466,3.01401,3.2808239999999995,34.78464,-5.909436,13.133178,-147.46295916,62.47420164,0.0,0.88938,1.2846599999999997,19.961640000000017,18.82521000000001,0.9882,0.0,0.9882,0.0,98.82
R273L,Likely Oncogenic,R,L,273,,29.730219039999998,24.154019839999997,97.57593392,372.1744,319.8528,0.18795794400000002,0.288742,3.9488,98.009216,0.572576,44.424,11.303439999999998,0.0,12.833599999999999,0.58965456,-630.6233599999999,230.97518399999998,35.894591999999996,4.620095999999999,0.078976,1.747344,27.898272000000002,-25.114368,14.46248,80.81041504,-55.8246792,-1.9744,0.9872,8.193760000000001,6.6142400000000166,42.479216,0.9872,0.0,0.9872,0.0,98.72
R280K,Unknown,R,K,280,,24.232482450000003,18.59631939,72.72018567,344.0151,262.6668,0.27775347930000005,0.447389,4.9005,97.12791,0.9408960000000001,42.1443,10.722294,3.9204000000000003,15.681600000000001,0.49818483,-239.34042000000002,319.13036100000005,39.321612,3.6067680000000006,2.332638,4.028211000000001,32.451111000000004,3.6753750000000003,17.200755,-189.88280982000003,13.041406620000002,1.9602000000000002,0.0,0.5880600000000001,4.704480000000012,27.46240200000001,0.9801000000000001,0.0,0.9801000000000001,0.0,98.01
R280T,Likely Oncogenic,R,T,280,,37.02979224,31.71227262,78.42710890000001,382.74600000000004,375.87620000000004,0.1040764886,0.146616,2.9442000000000004,97.610044,0.5692119999999999,62.8096,15.977192000000002,4.907,18.6466,0.0,-149.85978,337.199226,29.687350000000002,0.04907,0.009814000000000002,0.28460599999999997,41.228614,-2.492756,29.167208,0.0,0.0,-0.9814,0.9814,3.72932,56.234220000000015,54.065326000000006,0.9814,0.0,0.9814,0.0,98.14
R282Q,Unknown,R,Q,282,,30.7307325,26.4268875,70.97210249999999,383.175,362.7,0.1198041,0.14593,5.85,96.447,1.131,45.824999999999996,11.661000000000001,1.95,5.85,0.9006074999999999,157.95,374.93625000000003,30.3225,0.3315,0.0195,0.73125,46.887750000000004,1.6965,55.13625,170.0330775,38.678835,0.975,0.975,0.975,28.859999999999992,27.358500000000003,0.975,0.0,0.0,0.0,97.5
R282W,Likely Oncogenic,R,W,282,,27.88776324,23.87849976,102.60855306,375.0408,346.0428,0.14426505,0.177085,7.7328,95.268096,1.488564,46.3968,11.802186,0.0,8.6994,0.35367894,108.16254,395.755038,33.144714,0.860274,1.440234,1.88487,33.695676,-10.980576,26.339850000000002,65.36516508,23.891645519999997,-2.8998,0.9666,3.47976,52.583040000000004,29.01733200000001,0.9666,0.0,0.0,0.0,96.66
R306P,Likely Oncogenic,R,P,306,,10.803743870000002,9.17387512,26.328511920000004,128.4089,125.438,0.0413763845,0.139962,2.6408,32.534656,0.44563500000000006,11.2234,2.8553650000000004,0.3301,3.301,0.0,-91.66877,89.770695,10.114264,0.059418,0.006602,0.214565,9.262606,0.0,8.859884,0.0,0.0,-0.6602,0.3301,0.95729,20.03707,19.499007,0.0,0.0,0.0,0.0,33.01
R337H,Benign,R,H,337,,28.792793800000002,24.523303800000004,69.3618636,343.482,331.24600000000004,0.09460263400000002,0.108039,4.370000000000001,86.61340000000001,0.6729800000000001,49.818000000000005,12.673000000000002,4.370000000000001,13.110000000000001,0.8986468000000001,18.354000000000003,369.08146000000005,26.639520000000005,0.06118000000000001,0.06992000000000001,0.4632200000000001,30.004420000000003,-2.7968000000000006,31.560140000000004,194.45695920000003,68.77794420000001,0.0,0.7866000000000001,1.1362,17.654800000000016,16.649700000000013,0.0,0.0,0.0,0.0,87.4
R342P,Unknown,R,P,342,,27.20381488,23.18550328,56.13988304,296.4792,275.356,0.0900783776,0.186312,6.0352,74.353664,1.161776,33.948,8.63788,3.0176,7.544,1.0840728,-196.44575999999998,260.51695199999995,22.888496,0.022632,0.022632,0.35456799999999994,29.564935999999996,1.403184,30.688992,154.51824488,-75.07803888,-1.5088,0.7544,2.18776,45.79208,44.56240799999999,0.0,0.0,0.0,0.0,75.44
S166L,Unknown,S,L,166,,32.3563977,27.52786234,74.58243166,377.8302,366.2934,0.1122617166,0.140628,3.8456,95.447792,0.740278,42.3016,10.76768,3.8456,16.3438,0.0,-307.07115999999996,343.50822,29.659190000000002,0.24996400000000002,0.019228000000000002,0.6345240000000001,29.822628,-6.027978,18.804984,0.0,0.0,-1.9228,0.0,4.42244,74.70078,25.073311999999998,0.9614,0.0,0.0,0.9614,96.14
S240N,Unknown,S,N,240,,23.784526770000003,20.32933848,57.02837340000001,369.1125,321.8661,0.2020088733,0.294311,8.8587,96.835434,1.702839,49.215,12.520296000000002,5.9058,12.795900000000001,0.0,158.27544000000003,380.244933,34.381599,1.063044,1.535508,2.283576,52.187586,0.442935,69.74749800000001,0.0,0.0,0.9843000000000001,0.0,2.6576100000000005,24.705929999999995,26.595785999999997,0.9843000000000001,0.0,0.0,0.9843000000000001,98.43
S241F,Unknown,S,F,241,,36.548100850000004,30.3181385,114.98073565,375.9685,349.873,0.112276372,0.180383,3.866,95.95412,0.56057,60.8895,15.492995000000002,0.0,11.598,0.37277905,-220.45865,293.690355,31.691535000000002,2.10697,0.03866,0.705545,29.09165,-12.91244,28.85969,-115.3399837,-307.82483759999997,-1.933,0.0,3.4793999999999996,97.51985,58.08665000000001,0.9665,0.0,0.9665,0.9665,96.65
S313R,Unknown,S,R,313,,11.17647232,9.46452992,25.53127744,129.5328,117.99680000000001,0.042861184,0.201125,1.6480000000000001,32.66336,0.253792,14.832,3.77392,1.3184,2.6368,0.0,47.4624,107.159552,10.257152,0.18787199999999998,0.0032960000000000003,0.194464,9.729792,0.0,9.522144,0.0,0.0,-0.3296,0.3296,1.2195200000000002,27.818240000000003,22.778656,0.0,0.0,0.0,0.0,32.96
S366A,Unknown,S,A,366,,11.112205269999999,8.849865709999998,29.552700639999998,130.8926,111.56389999999999,0.06104512109999999,0.288984,1.3563999999999998,33.665848,0.261107,14.581299999999999,3.7097539999999993,0.0,2.7127999999999997,0.0,-34.65602,107.78632599999999,11.549745999999999,0.9325249999999998,0.030518999999999994,0.49847699999999995,8.060407,0.0,6.988850999999999,0.0,0.0,0.33909999999999996,0.0,0.8816599999999999,0.1356400000000019,5.425599999999999,0.0,0.0,0.0,0.0,33.91
S378Q,Unknown,S,Q,378,,8.28896432,7.068013679999999,19.28827446,132.78719999999998,112.385,0.0693671342,0.277261,1.729,34.26878,0.266266,16.598399999999998,4.222218000000001,0.3458,2.7664,0.0,28.908879999999996,118.958658,12.50067,1.248338,0.10374,0.871416,9.333141999999999,0.0,10.695594,0.0,0.0,0.0,0.0,0.93366,18.949840000000005,14.195089999999999,0.0,0.0,0.0,0.0,34.58
S46E,Unknown,S,E,46,,9.502992,8.211484800000001,21.5970048,112.60800000000002,109.15200000000002,0.030627936,0.118769,2.016,28.43712,0.33408000000000004,14.400000000000002,3.6633600000000004,1.1520000000000001,4.32,0.0,1.6128,98.80992,8.82144,0.03168000000000001,0.00864,0.15552000000000002,8.553600000000001,0.17568000000000003,6.324480000000001,0.0,0.0,0.0,0.28800000000000003,0.7776000000000002,14.227200000000003,12.107520000000003,0.0,0.0,0.0,0.0,28.8
T125M,Unknown,T,M,125,,25.13107836,18.00089712,93.3837229,338.7754,170.33399999999997,0.3135129752,0.501926,7.570399999999999,93.26732799999999,1.4573019999999999,46.3687,11.800360999999999,3.7851999999999997,16.0871,0.44618044999999995,-346.91357999999997,292.78522,37.445091,2.4319909999999996,2.1102489999999996,4.703110999999999,20.411690999999998,-18.405534999999997,21.055175,-53.33290022,31.387446179999994,-0.9462999999999999,0.0,2.4603799999999993,44.286840000000005,28.48362999999999,0.9462999999999999,0.0,0.0,0.0,94.63
T155I,Likely Oncogenic,T,I,155,,33.16930344,27.568326239999998,80.35097616,386.2404,365.6016,0.1281099456,0.159245,8.8452,96.68786399999999,1.700244,55.0368,14.0049,3.9312,20.6388,0.0,52.5798,380.39274,30.309552,0.2457,0.009828,0.570024,38.86974,-14.722344,60.078564,0.0,0.0,-0.9828,0.0,5.11056,49.729679999999995,11.852568000000002,0.9828,0.0,0.0,0.0,98.28
T253I,Likely Oncogenic,T,I,253,,25.85852832,18.321165120000003,118.741617,388.1268,252.8256,0.26046172320000005,0.383217,6.9132,97.515624,1.145616,34.566,8.799516,0.9876,5.9256,0.0,-45.82464,339.823284,36.718968000000004,2.755404,1.0764840000000002,3.268956,26.418300000000002,-17.559528,20.423568,0.0,0.0,-0.9876,0.0,5.1355200000000005,49.972559999999994,11.910456000000003,0.9876,0.0,0.0,0.0,98.76
T387V,Unknown,T,V,387,,5.9356076799999995,4.45743384,20.60736036,110.282,63.535599999999995,0.12301018879999999,0.542093,0.9876,32.742231999999994,0.190936,9.876,2.511796,1.3168,5.5964,0.0,-108.86644,77.516724,14.748159999999999,2.2451440000000003,0.69132,1.985076,8.098320000000001,0.0,5.0499279999999995,0.0,0.0,0.0,0.0,1.61308,7.867880000000001,0.6485239999999997,0.0,0.0,0.0,0.0,32.92
V143A,Unknown,V,A,143,,35.02400401999999,28.419308979999997,117.56720239999999,387.7338,371.9482,0.1285372078,0.195343,4.933,97.77205999999998,0.759682,45.383599999999994,11.543219999999998,3.9463999999999997,15.785599999999999,0.5534826,39.069359999999996,331.75411599999995,30.170227999999994,0.08879399999999998,0.019732,0.54263,40.006629999999994,10.586217999999999,24.339422,224.07856519999999,-90.08230228,0.0,0.0,2.36784,50.711240000000004,27.674129999999995,0.9865999999999999,0.0,0.0,0.0,98.66
V157F,Likely Oncogenic,V,F,157,,31.60808948,28.19445733,66.16454279,384.7863,383.80719999999997,0.094757298,0.113808,1.9582,97.557524,0.381849,47.975899999999996,12.209377,3.9164,21.5402,0.8369346799999999,-154.99153,260.078333,30.45001,0.23498399999999997,0.11749199999999999,0.773489,27.884768,-6.6676709999999995,21.158351,154.55220783000001,22.77602002,-0.9791,0.0,1.3707400000000003,48.85709000000001,47.04575500000001,0.9791,0.0,0.0,0.0,97.91
V173L,Likely Oncogenic,V,L,173,,17.164950609999998,15.38370868,34.80679968,352.9708,294.7888,0.2509554509,0.386824,2.9091,96.446362,0.562426,43.6365,11.103064999999999,0.0,11.6364,0.0,-236.21892,365.64477899999997,41.551645,5.8763819999999996,1.774551,4.906682,24.717653,-7.360023,13.129738,0.0,0.0,0.9697,0.0,0.38788000000000034,25.890989999999988,13.604891000000002,0.9697,0.0,0.0,0.9697,96.97
V217M,Benign,V,M,217,,24.16053354,19.28416347,63.888825000000004,353.2386,261.4755,0.2722384236,0.432048,4.9335,97.78197,0.947232,50.3217,12.807366,4.9335,14.8005,0.0,238.38672,398.56759800000003,33.320859000000006,0.424281,0.957099,2.407548,34.307559000000005,-0.039468,24.529362,0.0,0.0,0.9867,0.0,2.26941,22.595430000000007,31.643468999999993,0.9867,0.0,0.0,0.0,98.67
V272M,Unknown,V,M,272,,27.8720508,23.3473954,84.80586000000001,370.736,332.282,0.173736158,0.263833,6.902,97.35763999999999,1.3311000000000002,54.23,13.79414,3.944,15.776,0.7505432,-151.4496,281.85796,37.5666,5.63992,0.19720000000000001,2.43542,31.6013,-0.50286,19.039659999999998,-152.803378,-14.2653494,0.986,0.0,2.2678000000000003,22.579400000000007,31.621019999999994,0.986,0.0,0.0,0.0,98.6
V31I,Unknown,V,I,31,,7.6993041,6.9113435999999995,14.8096236,97.359,92.877,0.027536412,0.123744,1.494,24.63108,0.28884,8.217,2.0916,0.0,0.996,0.0,-74.7,72.63828000000001,7.965509999999999,0.13446,0.08217,0.2988,6.8798699999999995,-0.1494,8.97894,0.0,0.0,0.747,0.0,0.07469999999999996,6.648299999999997,3.4934700000000003,0.0,0.0,0.0,0.0,24.9
W146C,Likely Oncogenic,W,C,146,,20.43285096,17.70148248,52.95834228,362.55359999999996,304.4268,0.2303437008,0.353702,10.8372,96.55945200000001,2.088624,38.422799999999995,9.773183999999999,3.9408,11.8224,0.0,-393.48887999999994,269.40294,42.1173,7.802784,0.8768279999999999,4.078728,39.122292,2.049216,33.605171999999996,0.0,0.0,-1.9704,0.0,3.3496799999999998,117.53436,81.840564,0.9852,0.0,0.0,0.0,98.52
W23R,Unknown,W,R,23,,10.4211822,8.692483800000002,26.282542000000003,112.11200000000001,104.67600000000002,0.034971794,0.165932,1.1440000000000001,28.394080000000002,0.16588,15.730000000000002,4.00114,0.28600000000000003,2.2880000000000003,0.7406828000000001,47.561800000000005,135.58402,8.671520000000001,0.014300000000000002,0.0,0.09152000000000002,11.27126,1.6187600000000002,9.955660000000002,55.54649100000001,-43.016316200000006,-0.8580000000000001,0.28600000000000003,1.0296,15.558400000000004,8.585720000000004,0.0,0.0,0.0,0.0,28.6
W91L,Unknown,W,L,91,,26.113844340000004,22.29967818,65.32917183,311.60970000000003,306.05940000000004,0.0909051921,0.143998,8.7219,77.712129,1.680948,39.645,10.085688000000001,3.9645,7.929,0.0,154.06047,326.088054,24.437178000000003,0.15858000000000003,0.015858,0.49952700000000005,36.957069000000004,-1.0307700000000002,45.401454,0.0,0.0,-1.5858,0.0,3.7266300000000006,48.44619000000002,57.92134500000001,0.0,0.0,0.0,0.0,79.29
Y126D,Likely Oncogenic,Y,D,126,,22.13698563,17.94001284,60.82281477,346.1058,271.80060000000003,0.2623090884,0.440196,6.8439,96.53809799999999,1.319895,49.862700000000004,12.690546000000001,3.9108,17.5986,0.0,-369.37506,305.541027,35.646942,1.231902,2.0238389999999997,3.157971,47.643321,13.022964,29.409215999999997,0.0,0.0,-2.9331,0.9777,2.1509400000000003,80.66025,47.017593000000005,0.9777,0.0,0.0,0.0,97.77
Y163C,Likely Oncogenic,Y,C,163,,20.42350416,15.50233454,62.62554771999999,326.5852,213.1604,0.343594031,0.573547,5.8668,96.72397600000001,1.134248,58.668,14.931006,4.889,14.667,0.0,-120.66052,334.476046,43.717438,3.363632,5.3779,5.67124,40.314693999999996,0.234672,35.191022000000004,0.0,0.0,-1.9556,0.0,3.71564,83.21078,58.70711200000001,0.9778,0.0,0.0,0.9778,97.78
Y220C,Likely Oncogenic,Y,C,220,,21.700121080000002,16.413807960000003,78.72128352000001,344.4012,221.7512,0.3172769072,0.495827,1.9624000000000001,97.76676800000001,0.38266800000000006,35.3232,8.987792,3.9248000000000003,13.7368,0.6685896800000001,-400.82020000000006,362.916444,46.636436,5.259232000000001,5.5241560000000005,6.593664,32.95850800000001,0.0,17.239684,-73.91899636000001,65.17473820000001,-1.9624000000000001,0.0,3.7285600000000003,83.50012,58.91124800000001,0.9812000000000001,0.0,0.0,0.0,98.12
Y220N,Likely Oncogenic,Y,N,220,,28.588589,22.7772896,108.0988389,360.76099999999997,309.645,0.208136488,0.340329,2.949,97.76917999999999,0.38337,42.269,10.754019999999999,0.0,9.83,0.0,-101.4456,362.67785,34.85718,3.4896499999999997,0.08847,1.92668,34.45415,5.6129299999999995,16.62253,0.0,0.0,-1.966,0.0,2.1626000000000003,78.1485,48.24564000000001,0.983,0.0,0.0,0.0,98.3
Y220S,Unknown,Y,S,220,,31.44303706,25.2524112,77.71470732,374.5892,324.5786,0.1752744052,0.253256,5.8836,97.000952,0.941376,32.3598,8.23704,3.9224,8.8254,0.45146823999999997,-208.96586,388.62158600000004,31.045796,0.500106,0.039224,1.157108,35.576168,5.24621,26.054542,193.19349736,3.15233482,-1.9612,0.0,0.4903,102.57075999999999,74.62366000000002,0.9806,0.0,0.0,0.0,98.06
Y234C,Likely Oncogenic,Y,C,234,,33.014048,27.397578000000003,72.743826,377.255,329.975,0.16121298,0.238677,6.895,97.2589,1.32975,42.355,10.7759,3.94,9.85,0.0,-126.86800000000001,366.20329999999996,30.406950000000002,0.33490000000000003,0.00985,0.6993499999999999,44.17725,-1.0638,53.39685,0.0,0.0,-1.97,0.0,3.743,83.8235,59.1394,0.985,0.0,0.0,0.0,98.5
