Mutation,Total_SS_Changes,SS_Change_Pct,Helix_WT,Helix_Mut,Helix_Change,Sheet_WT,Sheet_Mut,Sheet_Change,Helix_to_Coil,Sheet_to_Coil,Coil_to_Helix,Coil_to_Sheet,DBD_Changes,NTerm_Changes,Tetra_Changes
E258K,67,17.05,87,87,0,187,212,25,7,13,5,40,17,28,8
D281E,66,16.79,87,89,2,187,177,-10,5,31,5,23,17,19,16
P72R,66,16.79,87,90,3,187,178,-9,4,31,5,24,18,22,6
G266V,65,16.54,87,95,8,187,198,11,0,22,6,35,18,24,12
P85S,64,16.28,87,88,1,187,201,14,5,18,5,33,17,21,13
R280T,64,16.28,87,89,2,187,170,-17,5,33,6,17,19,19,14
S241F,63,16.03,87,95,8,187,170,-17,0,35,6,20,12,24,16
L344R,61,15.52,87,90,3,187,173,-14,4,31,5,19,17,14,10
G108L,60,15.27,87,90,3,187,189,2,4,23,6,26,14,20,12
F54S,60,15.27,87,90,3,187,210,23,5,11,6,36,12,25,10
Y163C,60,15.27,87,90,3,187,176,-11,5,28,6,19,15,18,16
A276V,59,15.01,87,92,5,187,190,3,1,23,5,27,15,24,8
N29S,59,15.01,87,90,3,187,183,-4,5,24,6,22,17,19,14
L22F,58,14.76,87,89,2,187,211,24,5,10,5,36,13,25,8
P71V,58,14.76,87,88,1,187,204,17,6,13,5,32,16,24,6
K132R,57,14.5,87,85,-2,187,216,29,6,8,2,39,10,25,8
P36G,57,14.5,87,95,8,187,182,-5,0,26,6,23,10,20,8
R337H,57,14.5,87,89,2,187,197,10,5,16,6,27,15,21,10
F270L,56,14.25,87,88,1,187,189,2,5,20,5,23,19,14,13
T155I,56,14.25,87,90,3,187,197,10,4,16,6,27,21,14,8
W23R,55,13.99,87,92,5,187,187,0,1,22,6,22,8,24,14
V272M,55,13.99,87,91,4,187,176,-11,4,26,6,17,16,10,18
R248L,55,13.99,87,90,3,187,179,-8,4,25,5,19,17,18,6
C176S,55,13.99,87,89,2,187,195,8,6,15,5,26,18,17,8
H179R,54,13.74,87,91,4,187,188,1,5,18,6,22,18,15,10
D393E,54,13.74,87,91,4,187,200,13,0,18,3,32,7,24,14
R248G,54,13.74,87,88,1,187,198,11,6,14,5,27,14,22,10
E326N,53,13.49,87,90,3,187,163,-24,5,31,6,9,17,9,10
I251F,52,13.23,87,87,0,187,202,15,4,14,3,30,12,18,9
D21N,52,13.23,87,89,2,187,187,0,5,19,5,21,17,13,12
V217M,51,12.98,87,90,3,187,193,6,5,15,6,23,15,17,8
P250L,51,12.98,87,94,7,187,199,12,1,14,6,28,11,19,10
Y126D,51,12.98,87,91,4,187,172,-15,4,26,6,13,18,14,8
P34L,50,12.72,87,87,0,187,190,3,4,19,3,23,11,18,10
C242S,50,12.72,87,93,6,187,204,17,0,12,5,30,12,16,12
S46E,50,12.72,87,90,3,187,185,-2,4,19,6,18,15,12,10
R110P,50,12.72,87,91,4,187,189,2,4,17,6,21,19,8,12
S240N,50,12.72,87,86,-1,187,201,14,6,12,4,27,13,23,7
W91L,50,12.72,87,86,-1,187,207,20,5,10,3,31,10,19,14
C238Y,49,12.47,87,88,1,187,184,-3,0,23,4,17,14,12,10
T125M,49,12.47,87,90,3,187,189,2,4,17,5,21,17,12,10
V157F,49,12.47,87,92,5,187,189,2,4,16,7,20,22,10,8
R213Q,49,12.47,87,90,3,187,194,7,1,18,3,26,11,21,6
R196Q,49,12.47,87,90,3,187,193,6,4,15,5,23,17,8,12
M40N,49,12.47,87,85,-2,187,197,10,5,15,2,26,12,12,9
H380R,49,12.47,87,90,3,187,200,13,4,11,6,25,14,14,10
R267W,49,12.47,87,91,4,187,184,-3,4,19,6,18,16,14,12
R249G,49,12.47,87,91,4,187,190,3,4,15,6,20,14,12,12
E56D,48,12.21,87,94,7,187,182,-5,1,21,6,18,10,17,10
E286K,48,12.21,87,84,-3,187,201,14,6,12,2,27,9,19,10
A159V,48,12.21,87,86,-1,187,195,8,4,16,2,25,14,10,12
P47S,48,12.21,87,89,2,187,197,10,6,11,6,23,17,16,8
S378Q,48,12.21,87,94,7,187,212,25,1,6,6,33,8,19,10
R282W,48,12.21,87,91,4,187,188,1,0,21,3,23,9,14,14
H193R,48,12.21,87,95,8,187,185,-2,1,19,7,19,12,15,4
N345S,48,12.21,87,89,2,187,185,-2,5,18,5,18,15,7,12
R282Q,47,11.96,87,89,2,187,195,8,2,16,3,25,6,24,8
R175C,47,11.96,87,90,3,187,175,-12,4,23,5,13,17,8,14
Q331R,47,11.96,87,86,-1,187,204,17,4,11,2,29,11,18,8
L130F,47,11.96,87,94,7,187,197,10,1,13,6,25,10,18,10
L194R,46,11.7,87,94,7,187,186,-1,4,14,7,17,22,6,8
I195T,46,11.7,87,92,5,187,206,19,2,8,5,29,11,20,7
L14V,46,11.7,87,91,4,187,187,0,4,16,6,18,15,10,10
C141Y,46,11.7,87,95,8,187,182,-5,0,20,5,18,14,8,12
P278R,46,11.7,87,92,5,187,180,-7,4,19,7,14,15,14,4
V143A,46,11.7,87,90,3,187,188,1,4,16,5,19,16,14,6
V173L,45,11.45,87,95,8,187,194,7,0,14,6,23,12,14,6
R342P,45,11.45,87,87,0,187,189,2,4,17,3,20,10,12,10
S313R,45,11.45,87,87,0,187,191,4,4,16,3,21,8,18,8
R273L,45,11.45,87,94,7,187,187,0,0,18,5,20,13,10,12
P278S,45,11.45,87,87,0,187,173,-14,4,25,3,12,9,17,10
R248Q,45,11.45,87,89,2,187,190,3,2,17,2,22,6,14,15
C176F,45,11.45,87,92,5,187,167,-20,0,29,3,11,6,12,8
G187T,45,11.45,87,91,4,187,184,-3,4,17,6,16,16,8,6
S166L,44,11.2,87,91,4,187,191,4,4,13,6,19,17,8,10
A189V,44,11.2,87,91,4,187,185,-2,4,16,6,16,15,12,8
D49R,44,11.2,87,95,8,187,193,6,0,14,6,22,13,12,8
Y234C,43,10.94,87,87,0,187,183,-4,4,19,3,16,10,12,12
S366A,43,10.94,87,91,4,187,185,-2,0,20,3,19,8,12,12
R273C,43,10.94,87,96,9,187,181,-6,0,19,7,15,12,12,4
C176R,43,10.94,87,84,-3,187,192,5,4,16,0,22,9,10,14
L25V,43,10.94,87,84,-3,187,190,3,6,15,2,19,9,20,8
N247D,43,10.94,87,93,6,187,176,-11,1,22,5,13,10,6,11
G302R,43,10.94,87,88,1,187,200,13,2,12,2,26,5,18,10
R280K,43,10.94,87,91,4,187,182,-5,4,17,6,14,16,12,6
F113N,43,10.94,87,89,2,187,191,4,4,13,5,18,17,8,10
F341K,43,10.94,87,89,2,187,196,9,6,9,6,20,12,14,6
E339D,43,10.94,87,89,2,187,184,-3,5,16,5,15,16,8,9
Y220N,43,10.94,87,95,8,187,182,-5,0,19,6,16,10,10,8
N210S,42,10.69,87,87,0,187,200,13,4,10,3,24,9,12,10
Q375H,42,10.69,87,86,-1,187,197,10,5,11,3,22,10,15,6
G245S,42,10.69,87,89,2,187,194,7,0,16,1,24,3,14,12
R158H,42,10.69,87,90,3,187,172,-15,4,22,5,9,18,10,6
R248W,41,10.43,87,87,0,187,185,-2,4,17,3,16,10,14,8
E352D,41,10.43,87,87,0,187,185,-2,4,17,3,16,8,18,4
A138V,41,10.43,87,98,11,187,189,2,0,12,7,18,15,6,10
R249S,41,10.43,87,86,-1,187,186,-1,5,16,3,16,11,11,8
G244C,40,10.18,87,92,5,187,184,-3,0,18,3,17,8,14,7
R249T,40,10.18,87,90,3,187,186,-1,4,14,5,15,14,14,6
R175H,40,10.18,87,91,4,187,191,4,1,14,5,18,10,13,10
R158L,39,9.92,87,94,7,187,191,4,0,13,5,19,11,8,12
W146C,39,9.92,87,87,0,187,179,-8,4,19,3,12,12,8,10
C242F,39,9.92,87,83,-4,187,197,10,2,13,1,20,9,12,7
K164E,39,9.92,87,91,4,187,191,4,0,15,3,20,3,11,12
K372S,38,9.67,87,90,3,187,188,1,4,12,5,15,16,4,10
E294G,38,9.67,87,94,7,187,182,-5,1,16,6,13,13,12,6
E285K,38,9.67,87,85,-2,187,190,3,6,12,3,16,9,13,7
C135Y,38,9.67,87,87,0,187,188,1,4,14,3,16,9,8,6
E221K,38,9.67,87,90,3,187,187,0,0,17,2,18,10,8,10
N239D,38,9.67,87,87,0,187,198,11,4,9,3,21,9,10,10
K292R,37,9.41,87,91,4,187,191,4,0,14,3,19,6,10,10
D281G,37,9.41,87,90,3,187,194,7,1,12,3,20,7,11,8
R156H,37,9.41,87,85,-2,187,189,2,5,13,2,16,10,11,8
K319T,37,9.41,87,89,2,187,187,0,1,16,2,17,6,11,10
R175G,37,9.41,87,90,3,187,188,1,1,15,3,17,9,6,10
Y220C,36,9.16,87,91,4,187,187,0,4,11,6,13,14,9,6
K382R,36,9.16,87,90,3,187,202,15,0,8,3,23,6,13,8
T253I,35,8.91,87,89,2,187,185,-2,1,16,2,15,6,10,9
H179Q,35,8.91,87,89,2,187,187,0,0,16,1,17,4,16,6
M237I,34,8.65,87,87,0,187,178,-9,4,17,3,9,11,4,10
R306P,34,8.65,87,94,7,187,192,5,1,9,6,16,10,5,10
P152L,34,8.65,87,87,0,187,186,-1,4,13,3,13,9,4,10
Q5T,34,8.65,87,87,0,187,182,-5,4,15,3,11,9,12,4
G245D,33,8.4,87,88,1,187,199,12,0,10,1,22,2,12,10
Y220S,33,8.4,87,86,-1,187,182,-5,4,15,2,11,9,12,6
V31I,33,8.4,87,91,4,187,187,0,0,14,3,15,4,14,8
T387V,30,7.63,87,91,4,187,181,-6,4,11,6,7,17,2,4
R273H,27,6.87,87,91,4,187,179,-8,0,15,3,8,6,6,8
